user_id,user_name,first_name,last_name,email,address,city,state,zip,country,status,user_type,Digital Media,Type 1,Type 2,Type 3,total,pay_words_total,pay_count_article,pay_amount,payment_preference,payment_status
2149,AAlexanderEdit,Arelys,Alexander,alexander2315@gmail.com,5555 Lancewood Way,Naples,FL,34116,United States of America,Active,1,0,500,0,0,1175,1175,0,$0,Direct Deposit,Not Paid
1611,TAndersonEditor,Theresa,Anderson,traanderson@gmail.com,1145 Corner Rd,powder Springs,GA,30127,United States of America,Active,1,0,1000,0,0,78975,19775,0,$197.75,Direct Deposit,Not Paid
2168,KBalaytiEdit,Kirsten,Balayti,kbalayti@gmail.com,1745 Finley Street,Dubuque,IA,52001,United States of America,Active,1,0,3675,0,0,3675,3675,0,$0,Direct Deposit,Not Paid
2223,EBaldwinEdit,Elizabeth,Baldwin,skanagirl86@gmail.com,313 Blair Ave.,Friday Harbor,WA,98250,United States of America,Active,1,0,3000,0,0,3000,3000,0,$0,Direct Deposit,Not Paid
1627,DBararEditor,Darla,Barar,darla.barar@alumni.utexas.net,17919 Holderness Ln,Pflugerville,TX,78660,United States of America,Active,1,0,4575,0,0,5575,4900,0,$49,Direct Deposit,Not Paid
2043,CBeaudetteEdit,Catherine,Beaudette,Cbeaudette7@aol.com,3100 McMahon Road 3113,Silver Spring,MD,20902,United States of America,Active,1,0,1500,0,0,1500,1500,0,$15,Direct Deposit,Not Paid
1640,ABeckstettEdit,Alexandra,Beckstett,a.beckstett@gmail.com,4052 Weber Way,Lexington,KY,40514,United States of America,Active,1,0,1750,0,0,36475,17125,0,$171.25,Direct Deposit,Not Paid
1891,SBerlantEdit,Samantha,Berlant,samantha.berlant@gmail.com,2260 California St. Apt 3,Mountain View,CA,94040,United States of America,Active,1,0,500,0,0,65975,21700,0,$217,Direct Deposit,Not Paid
2116,MBonhamEdit,Maggie,Bonham,skywarrior3@aol.com,PO Box 99,Clinton,MT,59825,United States of America,Active,1,0,350,0,0,12850,12850,0,$0,Direct Deposit,Not Paid
1707,CBrittainEditor,Chloe,Brittain,chloebrittain@hotmail.com,14 Sunlake Way SE,Calgary,,T2X 3E3,Canada,Active,1,0,1000,0,0,21000,1700,0,$17,Paypal,Not Paid
2194,JBrownEdit,Julia,Brown,juliabrown912@gmail.com,1109 Country Place,Redlands,CA,92374,United States of America,Active,1,0,2300,0,0,2300,2300,0,$0,Direct Deposit,Not Paid
1873,reneebutler,Renee,Butler,reneeannbutler@gmail.com,419 Springdale Street,Cumberland,MD,21502,United States of America,Active,1,0,2400,0,0,4900,4900,0,$49,Direct Deposit,Not Paid
2066,PButterfieldEdit,Paige,Butterfield,paigemckenzie27@gmail.com,8755 Boardwalk Path Drive APT 1732D,Temple Terrace,FL,33637,United States of America,Active,1,0,500,0,0,25025,675,0,$6.75,Direct Deposit,Not Paid
1888,MarieCashEdit,Marie,Cash,cash6455@bears.unco.edu,34296 High View Dr.,Pine,CO,80470,United States of America,Active,1,0,250,0,0,32050,10550,0,$105.5,Direct Deposit,Not Paid
2144,MCockcroftEdit,Marlaina,Cockcroft,mcroft74@gmail.com,17 Mulligan Drive,Flanders,NJ,07836-4743,United States of America,Active,1,0,1200,0,0,1200,1200,0,$12,Direct Deposit,Not Paid
1923,LauraCollegeEdit,Laura,College,lauracollege1@aol.com,1526 Valley Landing Dr,Katy,TX,77450,United States of America,Active,1,0,2000,0,0,55452,9675,0,$96.75,Direct Deposit,Not Paid
1648,MaryCrottyEdit,Mary,Crotty,marycrottywriting@gmail.com,1707 Thornblade Ridge Drive,Matthews,NC,28105,United States of America,Active,1,0,1200,0,0,1200,1200,0,$12,Direct Deposit,Not Paid
1934,LisaDavisEdit,Lisa,Davis,davisljo@gmail.com,2788 Fort Sidney Road,Sidney,NE,69162,United States of America,Active,1,0,2525,0,0,2525,1850,0,$18.5,Direct Deposit,Not Paid
1639,ClareDemingEdit,Clare,Deming,clare_deming@hotmail.com,247 4th Ave,Garwood,NJ,07027,United States of America,Active,1,0,675,0,0,2175,2175,0,$21.75,Direct Deposit,Not Paid
2068,SDulsonEditor,Shane,Dulson,sdulson12@gmail.com,1360 Chatley Way,Woodstock,GA,,United States of America,Active,1,0,675,0,0,675,675,0,$6.75,Direct Deposit,Not Paid
2169,PEastmondEdit,Peggy,Eastmond Perona,peastmond@gmail.com,1820 W School St,Chicago,IL,60657,United States of America,Active,1,0,675,0,0,675,675,0,$0,Direct Deposit,Not Paid
2057,LEndicottEdit,Linda,Endicott,riiverofdreams@gmail.com,2013 E. Tripp St.,Mansfield,MO,65704,United States of America,Active,1,0,1000,0,0,21700,1275,0,$12.75,Direct Deposit,Not Paid
2015,DaveEvansEdit,Dave,Evans,dae06c@acu.edu,2065 Meander Street,Abilene,TX,79602,United States of America,Active,1,0,2025,0,0,2025,2025,0,$20.25,Direct Deposit,Not Paid
2060,AmieFenderEdit,Amie,Fender,Amie.fender@gmail.com,17305 sw hurrell lane Oregon,Beaverton,OR,97006,United States of America,Active,1,0,500,0,0,1000,1000,0,$0,Direct Deposit,Not Paid
2228,VFultonEdit,Valerie,Fulton,valerielfulton@gmail.com,1415 Cloverleaf Drive,Austin,TX,78723,United States of America,Active,1,0,500,0,0,4300,4300,0,$0,Direct Deposit,Not Paid
1939,JGhannamEditor,Jeff,Ghannam,jghannam@crystalcommunicationsllc.com,2104 Reynolds Street,Falls Church,VA,22043,United States of America,Active,1,0,700,0,0,14400,9900,0,$99,Direct Deposit,Not Paid
2083,LGooleyEdit,Lawrence,Gooley,lpg@bloatedtoe.com,120 Salmon River Road,Plattsburgh,NY,12901,United States of America,Active,1,0,9450,0,0,9450,675,0,$6.75,Direct Deposit,Not Paid
2056,KaylaGulecEdit,Kayla,Gulec,kcgulec@gmail.com,494 Potter Road,North Kingstown,RI,,United States of America,Active,1,0,750,0,0,750,750,0,$7.5,Direct Deposit,Not Paid
1645,ShaneHallEdit,Shane,Hall,shanecarlhall@gmail.com,1731 Fruit Cove Woods Dr.,Saint Johns,FL,32259,United States of America,Active,1,0,500,0,1000,10900,6900,0,$69,Direct Deposit,Not Paid
2113,KHansenEdit,Katherine,Hansen,doodlesbydesign@gmail.com,3328 Antigua Drive,Eugene,OR,97408,United States of America,Active,1,0,2700,0,0,3200,2700,0,$27,Direct Deposit,Not Paid
2153,CaseyHareEdit,Casey,Hare,caseychare@gmail.com,16001 River Drive,Summerdale,AL,36580,United States of America,Active,1,0,3250,0,0,3250,3250,0,$0,Direct Deposit,Not Paid
1512,DHarmonEditor,Deneatra,Harmon,dharmon265@gmail.com,7195 Ruskin Lane,Upper Darby,PA,19082,United States of America,Active,1,0,1000,0,0,11575,6900,0,$69,Direct Deposit,Not Paid
1534,NHauptmanEdit,Nina,Hauptman,nina.kate@hotmail.com,4223 1/4 Lindblade Dr.,Los Angeles,CA,90066,United States of America,Active,1,0,500,0,0,500,500,0,$5,Direct Deposit,Not Paid
1646,CHemmingsEdit,Carolyn,Hemmings,cphemm@msn.com,4063 Monticello Ave,New York,NY,10466,United States of America,Active,1,0,1000,0,0,6400,4400,0,$44,Direct Deposit,Not Paid
1610,DHeuvelEdit,Deborah,Heuvel,debvandenheuvel@hotmail.com,209 Riverwalk Circle,Cary,NC,27511,United States of America,Active,1,0,3025,0,0,7925,5900,0,$59,Direct Deposit,Not Paid
1889,KyleJacksonEdit,Kyle,Jackson,kyle@krj81.com,1766 CR 4165,"Quitman, TX",TX,75783,United States of America,Active,1,0,900,0,0,900,900,0,$9,Direct Deposit,Not Paid
1894,JJohnsonEditor,Jennifer,Johnson,jen@seejenwrite.com,638 Frosty Hollow Rd,Levittown,PA,19056,United States of America,Active,1,0,500,0,0,22800,16800,0,$168,Direct Deposit,Not Paid
1795,AmyJonesEdit,Amy,Jones,amyj913@yahoo.com,273 Springview Drive,Jackson,TN,38305,United States of America,Active,1,0,5400,0,0,5900,2400,0,$24,Direct Deposit,Not Paid
1515,KKaradzaEditor,Kathy,Karadza,kkaradza@gmail.com,"1181 71st Street, Floor 1",Brooklyn,NY,11228,United States of America,Active,1,0,7850,0,0,7850,5400,0,$54,Direct Deposit,Not Paid
1136,rkarraneditor,Rajiv,Karran,rajivkarran@gmail.com,,,,,India,Active,1,0,1250,0,0,10050,3300,0,$33,Paypal,Not Paid
1635,AnnaKuehlEditor,Anna,Kuehl,gfjetset@gmail.com,315 Brandermill Drive,Durham,NC,27713,United States of America,Active,1,0,1000,0,0,48625,13150,0,$131.5,Direct Deposit,Not Paid
2063,CLittleEditor,Christy,Little,christylit@gmail.com,4241 Briarwood Drive Apt. G4,Lawrence,KS,66049,United States of America,Active,1,0,1650,0,0,2400,1050,0,$10.5,Direct Deposit,Not Paid
1760,TheresaLiuEdit,Theresa,Liu,treeliu@att.net,7015 N. Green Bay Rd. B,Glendale,WI,53209,United States of America,Active,1,0,600,0,0,600,600,0,$6,Direct Deposit,Not Paid
1628,EMacEachernEdit,Erin,MacEachern,erinmac1101@gmail.com,429 County Road 1448,Quitman,TX,75783,United States of America,Active,1,0,1500,0,0,29700,16150,0,$161.5,Direct Deposit,Not Paid
2102,SMalinakEdit,Sarah,Malinak,sarah.m.malinak@gmail.com,PO BOX 621,GREENACRES,WA,99016,United States of America,Active,1,0,2175,0,0,2175,1500,0,$15,Direct Deposit,Not Paid
2182,SMaurerEdit,Shelly,Maurer,shellym555@gmail.com,7524 Meadow Run Lane,Sachse,TX,75048,United States of America,Active,1,0,300,0,0,300,300,0,$3,Direct Deposit,Not Paid
1976,DonnaMayersEdit,Donna,Mayers,dcmayers@earthlink.net,39 Academy Court,Bedminster,NJ,07921,United States of America,Active,1,0,500,0,0,10800,8300,0,$83,Paypal,Not Paid
2091,JMcNeilEdit,Jennifer,McNeil,jennifer.m.mcneil@gmail.com,2303 Dawns Pass,Knoxville,TN,37919,United States of America,Active,1,0,675,0,0,675,675,0,$0,Direct Deposit,Not Paid
1643,BillMcSteenEdit,Bill,McSteen,billmcsteen@gmail.com,528 Old Farm Road,Pittsburgh,PA,15234,United States of America,Active,1,0,750,0,0,44975,35525,0,$355.25,Direct Deposit,Not Paid
2062,ErikaMeadeEdit,Erika,Meade,erika.meade@gmail.com,2838 Windy Thicket Ln.,Houston,TX,77082-2156,United States of America,Active,1,0,900,0,0,900,900,0,$9,Direct Deposit,Not Paid
1936,AMejiasEditor,Amanda,Mejias,amandacf05@gmail.com,1944 Commander Way,Kissimmee,FL,34746,United States of America,Active,1,0,675,0,0,675,675,0,$6.75,Direct Deposit,Not Paid
1689,RMetzEditor,Rebecca,Metz,rebeccametz@gmail.com,1808 Rice Street,Los Angeles,CA,90042,United States of America,Active,1,0,1050,0,0,36275,7525,0,$75.25,Direct Deposit,Not Paid
1636,JamesMonroeEdit,James,Monroe,james.monroe621@gmail.com,2272 Canehill Ave.,Long Beach,CA,90815,United States of America,Active,1,0,7950,0,0,7950,7950,0,$0,Paypal,Not Paid
1676,CMueriEditor,Christine,Mueri,camueri@gmail.com,34513 Southview Drive,Cumming,IA,50061,United States of America,Active,1,0,300,0,0,6800,5200,0,$52,Direct Deposit,Not Paid
2094,LMulherinEdit,Lyndsey,Mulherin,lyndsey.mulherin@gmail.com,2412 1/2 Van Dyke Avenue,Raleigh,NC,27607,United States of America,Active,1,0,675,0,0,675,675,0,$0,Direct Deposit,Not Paid
1726,DMumpowerEdit,David,Mumpower,mumpower@gmail.com,9222 Adenleigh Way #3210,Knoxville,TN,37922,United States of America,Active,1,0,5600,0,0,6100,6100,0,$61,Direct Deposit,Not Paid
1516,JoyNelsonEditor,Joy,Nelson,jen2345_24@hotmail.com,1950 26th ave W Apt 106,Seattle,WA,98199,United States of America,Active,1,0,500,0,0,44050,18150,0,$181.5,Direct Deposit,Not Paid
2055,LeeNixEditor,Lee,Nix,farpointflutes@gmail.com,6444 Flagstone Ct.,Imperial,MO,63052,United States of America,Active,1,0,500,0,0,23300,23300,0,$0,Direct Deposit,Not Paid
58,jobrian,Jillena,O'Brien,jillenabean@gmail.com,5716 Fillmore Dr,Pasco,WA,99301,United States of America,Active,1,0,350,0,0,64575,13900,0,$139,Direct Deposit,Not Paid
2047,CPatricoloEdit,Cate,Patricolo,cpatricolo@gmail.com,1329 SW 14th Ave 408,Portland,OR,97201,United States of America,Active,1,0,2675,0,0,2675,2675,0,$0,Paypal,Not Paid
1668,CPerkinsEditor,Catherine,Perkins,catherinekietsu@gmail.com,127 W Fairbanks Ave #211,Winter Park,FL,32789,United States of America,Active,1,0,500,0,0,2100,1100,0,$11,Direct Deposit,Not Paid
2224,DPurgasonEdit,Douglas,Purgason,douglaspurgason@yahoo.com,3062 Roxanne Ave.,Long Beach,CA,90808,United States of America,Active,1,0,4000,0,0,4000,4000,0,$0,Direct Deposit,Not Paid
1500,ARadesEditor,Alicia,Rades,ajrades@gmail.com,PO Box 12 Withee,Withee,WI,54498,United States of America,Active,1,0,2500,0,0,48425,19050,0,$190.5,Direct Deposit,Not Paid
1790,JRakowskiEdit,John,Rakowski,johnprakowski@gmail.com,8636 Key Biscayne Drive 103,Tampa,FL,33614,United States of America,Active,1,0,500,0,0,500,500,0,$5,Direct Deposit,Not Paid
2075,TRozensEdit,Tracy,Rozens,Tracyrozens@yahoo.com,9 Jefferson Rd,Scarsdale,NY,10583,United States of America,Active,1,0,600,0,0,600,600,0,$6,Direct Deposit,Not Paid
1893,LukeSalazarEdit,Luke,Salazar,lukewsalazar@gmail.com,16735 Tinley Park Dr.,Tinley Park,IL,60477,United States of America,Active,1,0,500,0,0,7525,1350,0,$13.5,Direct Deposit,Not Paid
2225,SSalazarEdit,Samantha,Salazar,samantha.salazar313@yahoo.com,627 El Jardin,Weslaco,TX,78596,United States of America,Active,1,0,500,0,0,1500,1500,0,$0,Direct Deposit,Not Paid
1595,ShandaSilerEdit,Shanda,Siler,shandasiler@yahoo.com,118 Southfork Ln.,Aberdeen,NC,28315,United States of America,Active,1,0,1000,0,0,1000,1000,0,$0,Direct Deposit,Not Paid
1928,RSliwaEditor,Rebecca,Sliwa,bekki.sliwa@gmail.com,446 Auburn Ave. Lower,Buffalo,NY,14213,United States of America,Active,1,0,4400,0,0,4900,4900,0,$49,Direct Deposit,Not Paid
1974,MSpectorEditor,Marlene,Spector,marlene.spector@cox.net,28206 Shore,Mission Viejo,CA,92692,United States of America,Active,1,0,1000,0,0,23325,7925,0,$79.25,Direct Deposit,Not Paid
1649,AlexStrineEdit,Alex,Strine,strine.alex@gmail.com,275 Virginville Road,Kutztown,PA,,United States of America,Active,1,0,500,0,0,2600,1600,0,$16,Direct Deposit,Not Paid
1925,LSwensonEdit,Laurie,Swenson,laurieswensonmail@gmail.com,321 Ross. Ave.,Erskine,MN,56535,United States of America,Active,1,0,500,0,0,50900,3000,0,$30,Direct Deposit,Not Paid
1637,DorotaEditor,Dorota,Szczepanska,Dorota@dsews.com,14070 115 Avenue,"Surrey, British Columbia",,V3R 2P6,Canada,Active,1,0,500,0,0,9000,5000,0,$50,Paypal,Not Paid
1641,MeganTilleyEdit,Megan,Tilley,mt11g@my.fsu.edu,1128 Ocala Rd C6,Tallahassee,FL,32304,United States of America,Active,1,0,7600,0,1000,11400,8100,0,$81,Direct Deposit,Not Paid
1975,ATonkensEditor,Ashley,Tonkens,ashleytee314@gmail.com,1211 Front St. PO Box 621 108,Revelstoke,,,Canada,Active,1,0,2300,0,0,3900,2900,0,$29,Paypal,Not Paid
1932,CTuttleEdit,Craig,Tuttle,catuttle@hotmail.com,965 Bassman Lane 106,Fayettevile,NC,28314,United States of America,Active,1,0,3500,0,0,3500,3500,0,$35,Direct Deposit,Not Paid
2058,ATylerEditor,Amanda,Tyler,mandatyler@hotmail.com,823 Davis Place South 104,Seattle,WA,9814,United States of America,Active,1,0,6500,0,0,7000,6500,0,$65,Direct Deposit,Not Paid
1866,MVyskocilEditor,Michael,Vyskocil,vyskocil.michael@gmail.com,4323 Glenville Road,Glen Rock,PA,17327,United States of America,Active,1,0,1200,0,0,31500,11800,0,$118,Direct Deposit,Not Paid
2122,KWerringEdit,Katharine,Werring,werring.katharine@gmail.com,3302 Edison St.,San Mateo,CA,94403,United States of America,Active,1,0,1350,0,0,1350,675,0,$6.75,Direct Deposit,Not Paid
1634,LWhittleEditor,Leigh,Whittle,leighannwhittle1@gmail.com,6647 Big Spring Road,Snow Camp,NC,27349,United States of America,Active,1,0,2400,0,0,2400,2400,0,$24,Direct Deposit,Not Paid
1933,AWilsonEditor,Anne,Wilson,annemwilson4@gmail.com,388 WOODLAND DR,BATESVILLE,IN,47006,United States of America,Active,1,0,1500,0,0,11800,3300,0,$33,Direct Deposit,Not Paid
2061,CFeltonEdit,Camille,Wright Felton,Camille@Category5Multimedia.com,5069 Abbotts Glen Way,Acworth,GA,30101,United States of America,Active,1,0,3600,0,0,3600,900,0,$9,Direct Deposit,Not Paid
1787,LisaWynneEdit,Lisa,Wynne,lisa.c.wynne@gmail.com,1405 Patterson Road,Durham,NC,27704,United States of America,Active,1,0,4850,0,0,5850,2350,0,$23.5,Paypal,Not Paid
1930,MYostEditor,Melissa,Yost,missy@roadtohappytravels.com,311 Wood Street,Batavia,OH,45103,United States of America,Active,1,0,18650,0,0,18650,14700,0,$147,Direct Deposit,Not Paid
1651,KZeedickEditor,Karen,Zeedick,klzeedick@hotmail.com,110 Sam Snead Circle,Etters,PA,17319,United States of America,Active,1,0,500,0,0,10025,4000,0,$40,Direct Deposit,Not Paid
