user_id,user_name,first_name,last_name,email,paypal_email,country,address,city,state,zip,status,user_type,Digital Media,Type 1,Type 2,Type 3,total,pay_words_total,pay_count_article,pay_amount,payment_preference,payment_status
2241,alyssaacree,Alyssa,Acree,alyssaacree@gmail.com,kittycat5923@aim.com,United States of America,169 Chickahominy Trail,Medford Lakes,NJ,08055,Active,1,0,500,0,0,500,500,0,$0,Check,Not Paid
2111,lauraadkins,Laura,Adkins,laura.e.adkins@gmail.com,laura.e.adkins@gmail.com,United States of America,2305 Arlington Crescent B4,Birmingham,AL,35205,Active,1,0,14375,0,0,14375,3925,0,$196.25,Check,Not Paid
2548,natashaalden,Natasha,Alden,theworldpursuitblog@gmail.com,tashalden@gmail.com,United States of America,323 Oak Ridge Dr.,Mason,MI,48854,Active,1,0,2811,0,0,4811,4811,0,$0,Paypal,Not Paid
2462,janellealmosara,Janelle,Almosara,janelle.almosara@gmail.com,janelle.almosara@gmail.com,Philippines,115 Valdez St. Catmon,Malabon City,,1470,Active,1,0,242,0,0,1242,1242,0,$0,Paypal,Not Paid
1840,natashaamar,Natasha,Amar,natasharamar@gmail.com,natasharamar@gmail.com,United Arab Emirates,Dubai Dubai,Dubai,,52307,Active,1,0,1000,0,0,1000,1000,0,$0,Paypal,Not Paid
1929,sbalakrishnan,Shilpa,Balakrishnan,shilpa.krishb@gmail.com,shilpa.krishb@gmail.com,India,Bangalore,Bangalore,,560043,Active,1,0,500,0,0,500,500,0,$0,Paypal,Not Paid
1223,spencerbaselice,Spencer,Baselice,sbaselice@gmail.com,,United States of America,22 Ponemah Hill Road #5,Milford,NH,03055,Active,1,0,2500,0,0,2500,2500,0,$0,Check,Not Paid
2134,biancabauza,Bianca,Bauza,bianca@nomadbiba.com,bianca.bauza@gmail.com,Netherlands,Engelanderholt 20,Beekbergen,,7361 CZ,Active,1,0,1500,0,0,1500,500,0,$100,Paypal,Not Paid
1838,oceanbelcher,Ocean,Belcher,oceanbelcher@gmail.com,oceanbelcher@gmail.com,United Kingdom,67 Cowley Road 12,London,,SW96BW,Active,1,0,1000,0,0,1000,1000,0,$160,Paypal,Not Paid
54,missyshelton,Missy,Belote,missysheltonbelote@gmail.com,,United States of America,3835 Lake Valley Rd,Kingsport,TN,37664,Active,1,0,1500,0,0,22300,15600,0,$756,Check,Not Paid
2608,avichaibentzur,Avichai,Ben Tzur,avichai@xdaysiny.com,avichaiben@gmail.com,Israel,Uri Zvi Greenberg 3,Herzliya,,,Active,1,0,218,0,0,1718,1718,0,$0,Paypal,Not Paid
2009,bberryman,Blayne,Berryman,blayneberryman@gmail.com,,United States of America,3509 59th AVE NW,Gig Harbor,WA,98335,Active,1,0,500,0,0,500,500,0,$35,Check,Not Paid
2054,samanthabilkey,Samantha,Bilkey,samanthaenroute@gmail.com,samanthabilkey@yahoo.com,United States of America,1223 Woodridge Dr Apt 3,Grafton,WI,53024,Active,1,0,1917,0,0,3917,3917,0,$0,Check,Not Paid
161,alliemuelleck,Allison,Blackham,allie.blackham@gmail.com,,United States of America,1289 Glengyle Ct.,Murray,UT,84123,Active,1,0,31019,0,0,40019,18573,0,$878.65,Check,Not Paid
2456,milabozic,Milica,Bozic,mila@montenegro.com,mila@montenegro.com,Montenegro,Kumbor 37A,Herceg-Novi,CA,85340,Active,1,0,211,0,0,711,711,0,$0,Direct Deposit,Not Paid
1937,alexbradbeer,Alex,Bradbeer,alexbradbeer@gmail.com,alexbradbeer@gmail.com,Canada,2209 South River Road,Kemptville,,K0G1J0,Active,1,0,4000,0,0,4000,4000,0,$1000,Paypal,Not Paid
2624,janicebrady,Janice,Brady,bjkbrady@gmail.com,bjkbrady@aol.com,United States of America,207 Waties Drive,Murrells Inlet,SC,29576,Active,1,0,500,0,0,500,500,0,$0,Check,Not Paid
1981,jonabering,Jona,Branzuela Bering,jonabering@gmail.com,backpackingwithabook@gmail.com,Philippines,.372 Paradise St Hipodromo,Cebu City,,,Active,1,0,500,0,0,500,500,0,$0,Paypal,Not Paid
1972,nicolebrewer,Nicole,Brewer,nicoletbrewer@yahoo.com,nicoletbrewer@yahoo.com,United States of America,3870 Bradstone trace,Lilburn,GA,30049,Active,1,0,1017,0,0,3017,1000,0,$200,Paypal,Not Paid
2369,laurabronner,Laura,Bronner,usaabroad1@gmail.com,usaabroad1@gmail.com,United States of America,27 Sherman Dr,Newburgh,NY,12550,Active,1,0,500,0,0,3000,1500,0,$180,Check,Not Paid
1435,sandrabrown,Sandra,Brown,sandib80@yahoo.com,sandib80@yahoo.com,United States of America,2728 NW 47th Lane,Lauderdale Lakes,FL,33313,Active,1,0,1000,0,0,8000,8000,0,$0,Paypal,Not Paid
2352,tawannabrowne,Tawanna,Browne Smith,worldtravelmom@momsguidetotravel.com,tbsmith@momsguidetotravel.com,United States of America,7819 Titan Ct,Pasadena,MD,21122,Active,1,0,301,0,0,301,301,0,$0,Direct Deposit,Not Paid
2136,jordanbryant,Jordan,Bryant,jord.bryant@gmail.com,d.bryant@windowslive.com,New Zealand,61 Te Moana Road,Waikanae,,5036,Active,1,0,248,0,0,248,248,0,$0,Paypal,Not Paid
1943,lindsaybuckley,Lindsay,Buckley,lindsay@frugalfrolicker.com,lindsaypunk@gmail.com,United States of America,26 Tower Hill Rd,Clinton,CT,06413,Active,1,0,500,0,0,500,500,0,$0,Paypal,Not Paid
53,andreabuginsky,Andrea,Buginsky,andreabuginsky@yahoo.com,,United States of America,9600 W 118th Ter Apt 2,Overland Park,KS,66210,Active,1,0,1071,0,0,1571,1071,0,$53.55,Check,Not Paid
2485,erikacampos,Erika,Campos,writer@erikaalc.com,,United States of America,11357 Rolls Royce Ct.,Jacksonville,FL,32246,Active,1,0,2538,0,0,4038,4038,0,$0,Check,Not Paid
1956,valeriecaulin,Valerie,Caulin,info@valcaulin.com,vcaulin@yahoo.com,Philippines,Genesis St. Lot 5 Block 1,Iloilo City,,5000,Active,1,0,1000,0,0,1000,1000,0,$0,Paypal,Not Paid
2484,jennifercoffill,Jennifer,Coffill,jcoffill@gmail.com,jcoffill@gmail.com,United States of America,2210 Freeport rd,Natrona heights,PA,15065,Active,1,0,1838,0,0,2338,500,0,$30,Check,Not Paid
1926,lauracollege,Laura,College,lauracollege1@aol.com,lauracollege1@aol.com,United States of America,1526 Valley Landing Dr,Katy,TX,77450,Active,1,0,700,0,0,69583,39708,0,$2332.4,Check,Not Paid
2467,rairosecornell,Rai,Cornell,rairose.cornell@gmail.com,,United States of America,1907 75th Street,Lubbock,TX,79423,Active,1,0,3500,0,0,3500,3500,0,$0,Check,Not Paid
2125,markcrone,Mark,Crone,mark.crone@me.com,mark.crone@utoronto.ca,Canada,11 Waterbridge Way,Toronto,,M1C 5C5,Active,1,0,1264,0,0,2264,2264,0,$0,Paypal,Not Paid
1632,carriedahle,Carrie,Dahle,cdahle@yahoo.com,cdahle@yahoo.com,United States of America,3308 Susileen Dr,Reno,NV,89509,Active,1,0,9000,0,0,14000,14000,0,$650,Paypal,Not Paid
2382,laurendavidson,Lauren,Davidson,lozikinz@hotmail.com,lozikinz@gmail.com,Ireland,20 Christchurch Place 33,Dublin,,,Active,1,0,1301,0,0,4301,1500,0,$150,Paypal,Not Paid
1944,jessicadawdy,Jessica,Dawdy,jessica@waysofwanderers.com,jessica.dawdy@gmail.com,Canada,27 Andover Dr.,London,,N6J 3W6,Active,1,0,211,0,0,711,711,0,$0,Paypal,Not Paid
1681,erindesantiago,Erin,De Santiago,erin_desantiago@yahoo.com,poohstanggt@yahoo.com,United States of America,1565 W. 222nd Street,Torrance,CA,90501,Active,1,0,211,0,0,711,711,0,$0,Check,Not Paid
2554,cdeeblerogers,Chris,Deeble-Rogers,poiandkirsty@gmail.com,poiandkirsty@gmail.com,United Kingdom,103 Moor Lane,Lincln,,,Active,1,0,211,0,0,1211,1211,0,$0,Paypal,Not Paid
2552,rhondadelameter,Rhonda,Delameter,rhondadelameter@gmail.com,jrbasset@juno.com,United States of America,903 5th Ave,Oregon City,OR,97045,Active,1,0,243,0,0,3243,1000,0,$60,Paypal,Not Paid
2526,heenadhedhi,Heena,Dhedhi,icynosureblog@gmail.com,heer.dhedhi@gmail.com,India,"B-703 Muktangan, Upper Govind Nagar, Malad East",Mumbai,,400097,Active,1,0,211,0,0,1711,500,0,$80,Paypal,Not Paid
2378,nicolediaz,Nicole,Diaz,nicole@funthusiast.com,nicole@funthusiast.com,United States of America,970 W Valley Pkwy #619,Escondido,CA,92025,Active,1,0,629,0,0,3629,2000,0,$400,Check,Not Paid
1835,alouisedittrick,Alouise,Dittrick,takeme2theworld@gmail.com,takeme2theworld@gmail.com,Canada,4304 - 47 Street,Leduc,,T9E5Z5,Active,1,0,1000,0,0,1000,1000,0,$0,Paypal,Not Paid
1399,adodgepaid,Amanda,Dodge,amandadodge4@gmail.com,,United States of America,"6817 Stonesthrow Cir N, Apt 17104",St. Petersburg,FL,33710,Active,1,0,700,0,0,25771,9921,0,$577.55,Check,Not Paid
2373,christopherdrumm,Christopher,Drumm,kaligradhalnirai@yahoo.com,,United States of America,2015 41st St NW Apt F60,Rochester,MN,55901,Active,1,0,23000,0,0,38000,19000,0,$880,Check,Not Paid
2308,gretchendublin,Gretchen,Dublin,admin@filipinaexplorer.com,admin@filipinaexplorer.com,Philippines,El Pueblo del Rio Subdivision Caypombo,Sta. Maria,,3022,Active,1,0,1097,0,0,2097,2097,0,$0,Paypal,Not Paid
2566,lisaeldridge,Lisa,Eldridge,girlabouttheglobe@me.com,girlabouttheglobe@me.com,United Kingdom,78 Skipper Way Hampshire,Lee-on-the-Solent,,PO13 9EZ,Active,1,0,211,0,0,711,711,0,$0,Paypal,Not Paid
2585,natashaetzel,Natasha,Etzel,email@livelearnventure.com,natashagwitt@yahoo.com,United States of America,114 Marlboro Rd,Pittsburgh,PA,15238,Active,1,0,500,0,0,500,500,0,$0,Check,Not Paid
1703,vickieferguson,Vickie,Ferguson,vickie_ki_a@yahoo.com,,United States of America,8703 N. Ola Avenue,Tampa,FL,33604,Active,1,0,24000,0,0,24000,6000,0,$300,Check,Not Paid
1900,darlaferrara,Darla,Ferrara,fdarlaus@aol.com,,United States of America,1227 D. St. Apt. 6,Lincoln,Nebraska,68502,Active,1,0,4475,0,0,4475,2975,0,$148.75,Check,Not Paid
1653,jenniferfinney,Jennifer,Finney,JenniferGFinney@gmail.com,,United States of America,2603 Manchester Rd,Birmingham,MI,48009,Active,1,0,7500,0,0,12500,6500,0,$275,Check,Not Paid
2599,alexforrest,Alexandrea,Forrest,lexi@theygetaround.com,ally_forrest@live.com.au,Australia,110 Curragundi Road,JINDALEE,,4074,Active,1,0,846,0,0,1846,1846,0,$0,Paypal,Not Paid
1815,derekfreal,Derek,Freal,thedude@theholidaze.com,derek4real@theholidaze.com,United States of America,3912 Schick Rd,Austin,TX,78729,Active,1,0,1960,0,0,3460,1000,0,$90,Paypal,Not Paid
2119,shannondell,Shannon,Gadberry,shannon.g.dell@gmail.com,,United States of America,1027 Riverbend Drive,Chattanooga,TN,37419,Active,1,0,500,0,0,500,500,0,$0,Direct Deposit,Not Paid
1994,kiaragallop,Kiara,Gallop,galloparoundtheglobe@gmail.com,stillbouncing@hotmail.co.uk,United Kingdom,"Flat 3, St. Annes, Town Walls",Shrewsbury,,SY11TT,Active,1,0,1500,0,0,1500,1500,0,$225,Paypal,Not Paid
2529,ivygan,Ivy,Gan,ivy_gan@hotmail.com,ivy_gan@hotmail.com,Malaysia,"51, Jalan Hujan Bubuk 4, Taman Overseas Union",Kuala Lumpur,,58200,Active,1,0,500,0,0,500,500,0,$0,Paypal,Not Paid
1695,ninagass,Nina,Gass,nina@ninagass.com,,United States of America,2207 Cork Oak Street,Palmdale,CA,93551,Active,1,0,1000,0,0,1000,1000,0,$0,Direct Deposit,Not Paid
2499,robertgetz,Robert,Getz,freedomfreelancing@gmail.com,freedomfreelancing@gmail.com,United States of America,P.O. Box 56,Yelm,WA,98597,Active,1,0,19441,0,0,28191,16149,0,$767.45,Check,Not Paid
2481,mgholsonhaddad,Monica,Gholson-Haddad,monica.n.gholson@gmail.com,monika@violetroots.com,United States of America,212 South Orange Ave. Apt. 1,South Orange,NJ,07079,Active,1,0,2000,0,0,2000,1000,0,$90,Check,Not Paid
1863,mattgibson,Matthew,Gibson,xpatmatt@gmail.com,xpatmatt@gmail.com,Canada,709 9th Street South,Cranbrook,,V1C1R6,Active,1,0,212,0,0,712,712,0,$0,Paypal,Not Paid
408,michelegoudie,Michele,Goudie,michelegoudie@gmail.com,,United States of America,2027 W Farragut Apt 3,Chicago,IL,60625,Active,1,0,1500,0,0,4075,1500,4,$112,Check,Not Paid
664,lisagove,Lisa,Gove,lgwork70@gmail.com,,United States of America,64 Woodbine Ave,Penacook,NH,03303,Active,1,0,21000,0,0,21000,8000,0,$400,Check,Not Paid
1423,christinagreen,Christina,Green,christina@christinargreen.com,,United States of America,3600 29th Avenue N,St. Petersburg,FL,33706,Active,1,0,3328,0,0,4828,2328,0,$126.4,Check,Not Paid
2341,inmagregorio,Inma,Gregorio,aworldtotravel@gmail.com,inma_gregorio@hotmail.com,Spain,"Pasaron y Lastra 1,2b",Ribadeo,,27700,Active,1,0,1443,0,0,1443,1443,0,$0,Paypal,Not Paid
2285,pagegrossman,Page,Grossman,page.grossman@gmail.com,page.grossmanpay@gmail.com,United States of America,811 Park Blvd.,Austin,TX,78751,Active,1,0,5500,0,0,6295,6295,0,$0,Check,Not Paid
2115,sguglielmi,Stefania,Guglielmi,steph@everysteph.com,stef.guglielmi89@gmail.com,Italy,Via Amendola 7,San Lazzaro di Savena (BO),,40068,Active,1,0,1207,0,0,2207,2207,0,$0,Paypal,Not Paid
1575,laurenhaas,Lauren,Haas,Lauren@LaurenHaas.com,Lauren@LaurenHaas.com,United States of America,1321 Upland Dr. #3697,Houston,TX,77043,Active,1,0,1500,0,0,7025,1000,0,$60,Paypal,Not Paid
1862,juliahaase,Julia,Haase,J.Haase@htp-tel.de,J.Haase@htp-tel.de,Germany,Walsroder Strasse 39,Wedemark,,30900,Active,1,0,1398,0,0,1898,1898,0,$0,Paypal,Not Paid
1555,shanehall,Shane,Hall,shanecarlhall@gmail.com,,United States of America,1731 Fruit Cove Woods Dr.,Saint Johns,FL,32259,Active,1,0,21500,0,0,32529,17529,0,$836.74,Check,Not Paid
2038,michaelahall,Michaela,Hall,michaela@aweinclusive.com,info@aweinclusive.com,United States of America,2511 Lakefield Mews Ct Suite F,Henrico,VA,23231,Active,1,0,2215,0,0,3715,500,0,$75,Check,Not Paid
2476,coryhanson,Cory,Hanson,cory@fivesuitcases.com,hanson.cory1@gmail.com,Ireland,Belfield Court Stillorgan Road 4E,Dublin,,,Active,1,0,1500,0,0,1500,500,0,$30,Paypal,Not Paid
2004,carlhedinger,Carl,Hedinger,hedinger81@gmail.com,hedinger81@me.com,United States of America,502 White Pine Drive,Durham,NC,27705,Active,1,0,3288,0,0,4288,4288,0,$0,Check,Not Paid
2161,rachelheller,Rachel,Heller,janerachelheller@gmail.com,janerachelheller@gmail.com,Netherlands,Bordewijklaan 76,Groningen,,9721 WE,Active,1,0,258,0,0,758,758,0,$0,Paypal,Not Paid
2431,emmahiggins,Emma,Higgins,emma@gottakeepmovin.com,ehiggs88@gmail.com,United Kingdom,41 High Street,Ramsbury,,SN8 2QN,Active,1,0,1500,0,0,3500,2500,0,$325,Paypal,Not Paid
1833,michaelhodson,Michael,Hodson,michaelshodson@yahoo.com,michaelshodson@yahoo.com,United States of America,P.O. Box 1305,Fayetteville,AR,72702,Active,1,0,247,0,0,247,247,0,$0,Check,Not Paid
2619,denisehouk,Denise,Houk,denise.houk@gmail.com,denise.houk@gmail.com,United States of America,400 E Main St,Greenwood,IN,46143,Active,1,0,443,0,0,443,443,0,$0,Paypal,Not Paid
2404,michelleirwin,Michelle,Irwin,mnirwin22@gmail.com,samandassociates08@gmail.com,United States of America,3075 Clearfork Trail,Frisco,TX,75034,Active,1,0,3081,0,0,4081,4081,0,$0,Check,Not Paid
1836,alyssajames,Alyssa,James,workwithme@alyssawrites.com,jamesaly7@gmail.com,United Kingdom,165 Seven Sisters Rd Flat 2,London,,N4 3NS,Active,1,0,500,0,0,500,500,0,$0,Paypal,Not Paid
1486,sarahjennings,Sarah,Jennings,carrerasarah@yahoo.com,,United States of America,710 Valley View Dr Apt 12,Council Bluffs,IA,51503,Active,1,0,500,0,0,4500,2500,0,$150,Check,Not Paid
1856,megandonoghue,Megan,Jerrard,meganjerrard@gmail.com,megan@mappingmegan.com,Australia,PO Box 3032,Weston Creek,ACT,2611,Active,1,0,2089,0,0,2589,2589,0,$0,Paypal,Not Paid
2413,kallenjohnstone,Kallen,Johnstone,kallenjohnstone@gmail.com,slappedham@gmail.com,Australia,8 Apollo court 2,Croydon South,,,Active,1,0,1080,0,0,1080,1080,0,$0,Paypal,Not Paid
2498,marilynjones,Marilyn,Jones,marilynjones2010@yahoo.com,,United States of America,1202 Hill St,Henderson,TX,75654,Active,1,0,258,0,0,258,258,0,$0,Check,Not Paid
2402,hannahkacary,Hannah,Kacary,thatadventurerblog@gmail.com,h.kacary@gmail.com,United Kingdom,Flat B 8 Bernay's Grove,London,,SW98DF,Active,1,0,1500,0,0,1500,1500,0,$0,Paypal,Not Paid
1964,joannakalafatis,Joanna,Kalafatis,goroadtripping@gmail.com,joannak0506@gmail.com,United States of America,1155 N. La Cienega Blvd. 502,West Hollywood,CA,90069,Active,1,0,1500,0,0,1500,1000,0,$120,Check,Not Paid
1572,sabahkarimi,Sabah,Karimi,sabahk@gmail.com,,United States of America,540 Trinity Lane N Apt 5301,St. Petersburg,FL,33716,Active,1,0,500,0,0,500,500,0,$0,Direct Deposit,Not Paid
1233,laurenkatulka,Lauren,Katulka,lauren@qblix.com,lauren@qblix.com,Australia,46 Dunalban Ave,Woy Woy,NSW,2256,Active,1,0,1500,0,0,8538,8538,0,$516.9,Paypal,Not Paid
2620,sarahkim,Sarah,Kim,sarah@talesfromafork.com,skim2288@yahoo.com,Netherlands,Wenslauerstraat 2C,Amsterdam,,1053BA,Active,1,0,246,0,0,746,746,0,$0,Paypal,Not Paid
1796,eightysix,David,Klenda,daklenda@yahoo.com,forty3times2@yahoo.com,United States of America,14617 E Crown Ave,Spokane Valley,WA,99216,Active,1,0,2000,0,0,2000,2000,0,$0,Check,Not Paid
2494,mariankrueger,Marian,Krueger,mkrueger@travelshopgirl.com,,United States of America,69 Cummings Rd.,Newton,MA,02459,Active,1,0,2979,0,0,4479,4479,0,$0,Check,Not Paid
1685,annakuehl,Anna,Kuehl,gfjetset@gmail.com,,United States of America,315 Brandermill Drive,Durham,NC,27713,Active,1,0,1400,0,0,92613,44057,0,$2336.85,Check,Not Paid
2052,marialaborde,Maria Alexandra,Laborde Algarin,maria.alexandra.laborde@gmail.com,Maria.Alexandra.Laborde@Gmail.com,United States of America,"210 West Haya St., Apt B",Tampa,FL,33603,Active,1,0,860,0,0,1360,1360,0,$0,Check,Not Paid
2546,alainlagulao,Alain,Lagulao,keepcalmandwander@gmail.com,alainsojourner@gmail.com,Canada,18th 25 Coneflower Crescent North York,Toronto,,M2R 0A5,Active,1,0,211,0,0,2711,500,0,$30,Paypal,Not Paid
1514,bonnielaquitara,Bonnie,Laquitara,bonniecarrigan@comcast.net,,United States of America,3402 Sagemore Drive,MARLTON,NJ,08053,Active,1,0,2000,0,0,2000,2000,0,$100,Check,Not Paid
831,farryllast,Farryl,Last,farryl.last@gmail.com,,United States of America,1046 Old Britton Road,North Bellmore,NY,11710,Active,1,0,500,0,0,2000,2000,0,$115,Check,Not Paid
1494,zachleete,Zachary,Leete,zacharyleete@mail.usf.edu,zacharyleete@mail.usf.edu,United States of America,1935 Blue Rock Dr. Apt. 302,Tampa,FL,33612,Active,1,0,1500,0,0,5500,3000,0,$180,Check,Not Paid
1012,jonathanlister,Jonathan,Lister,jnthnlister@gmail.com,,United States of America,211 East Linden Ave,Lindenwold,NJ,08021,Active,1,0,700,0,0,700,700,0,$0,Check,Not Paid
2030,hannahlogan,Hannah,Logan,hannahlogan21@gmail.com,hannahlogan21@gmail.com,Canada,28 Soho Crescent,Ottawa,,,Active,1,0,500,0,0,500,500,0,$0,Paypal,Not Paid
1829,tammylowe,Tammy,Lowe,tammyonthemove@outlook.com,tamaralowe@outlook.com,Peru,103 Tacna,Arequipa,,,Active,1,0,1000,0,0,1000,1000,0,$200,Paypal,Not Paid
2513,lauralynch,Laura,Lynch,lauralealynch@gmail.com,,United States of America,819 Virginia St Unit 3101,Seattle,WA,98101,Active,1,0,1858,0,0,2358,2358,0,$0,Check,Not Paid
1702,jeanniemark,Jeannie,Mark,nomadic.chick@gmail.com,nomadic.chick@gmail.com,Canada,Apt 303 125 Milross Avenue,Vancouver,,V6A 0A1,Active,1,0,2414,0,0,2914,500,0,$65,Paypal,Not Paid
507,jackiemasloff,Jacqueline,Masloff,jackiejom@outlook.com,jackiejom@comcast.net,United States of America,47 Abbott Road,Dedham,MA,02026,Active,1,0,1000,0,0,1000,1000,0,$0,Check,Not Paid
1732,junoumathieu,Junou,Mathieu,traci.math@yahoo.com,junouz@aol.com,United States of America,11768 Hatcher Cir,Orlando,FL,32824,Active,1,0,6425,0,0,7425,3450,0,$172.5,Paypal,Not Paid
1444,kristenmccalla,Kristen,McCalla,kastanton01@yahoo.com,,United States of America,2060 63rd Ave S,Saint Petersburg,FL,33712,Active,1,0,30031,0,0,33606,16175,0,$830.5,Check,Not Paid
2007,katiemcgrain,Katie,McGrain,katie@aroundtheworldinktdays.com,katherine.mcgrain@gmail.com,United States of America,39 Kent St.,NEWBURYPORT,MA,01950,Active,1,0,2000,0,0,2000,2000,0,$0,Check,Not Paid
2527,madisynmckee,Madisyn,McKee,madisynmckee@hotmail.com,madisynmckee@hotmail.com,Canada,60 Douro Street Unit 106,Toronto,,m6k3n4,Active,1,0,386,0,0,2386,1000,0,$60,Paypal,Not Paid
544,jennmcknight,Jennifer,McKnight,jmd.mcknight@gmail.com,,United States of America,44 Whitaker Cir,Fairview,NC,28730,Active,1,0,66469,0,0,77469,40510,0,$1970.5,Check,Not Paid
1633,sarahmcwilliams,Sarah,McWilliams,sarahjmcwilliams@gmail.com,sarahjmcwilliams@gmail.com,United States of America,6 Coleman Square,Howard Beach,NY,11414,Active,1,0,675,0,0,19123,4325,0,$216.25,Check,Not Paid
2525,jennifermelroy,Jennifer,Melroy,JenniferMelroy@gmail.com,,United States of America,10257 Lakeridge Square Ct Apt D,Ashland,VA,23005,Active,1,0,811,0,0,2311,1000,0,$60,Check,Not Paid
1549,rebeccametz,Rebecca,Metz,rebeccametz@gmail.com,,United States of America,1808 Rice Street,Los Angeles,CA,90042,Active,1,0,700,0,0,7730,6500,0,$460,Check,Not Paid
2486,katelynmichaud,Katelyn,Michaud,katelynmichaud@gmail.com,,United States of America,213 Sebago Lake Rd,Gorham,ME,04038,Active,1,0,500,0,0,500,500,0,$30,Check,Not Paid
1473,aletheamiddleton,Alethea,Middleton,apgerardot@yahoo.com,,United States of America,2217 Indian Village Blvd.,Fort Wayne,IN,46809,Active,1,0,500,0,0,500,500,0,$0,Direct Deposit,Not Paid
281,natashamier,Natasha,Mier,natasha.mier@gmail.com,,United States of America,787 S 1100 W,Provo,UT,84601,Active,1,0,52899,0,0,58199,27422,0,$1419.1,Check,Not Paid
2394,derekmiller,Derek,Miller,dmiller@copypress.com,,United States of America,"1190 East Washington Street, Apt. S223",Tampa,FL,33602,Active,1,0,5756,0,0,9256,1500,0,$225,Check,Not Paid
1709,michaelamitchell,Michaela,Mitchell,michaelawrites1@gmail.com,,United States of America,39650 US Hwy 19 N #326,Tarpon Springs,FL,34689,Active,1,0,4950,0,0,4950,4950,0,$247.5,Check,Not Paid
1827,charlimoore,Charli,Moore,charli@wlst.us,charli@wlst.us,Australia,272 Station St,Carlton North,,3054,Active,1,0,211,0,0,711,711,0,$0,Paypal,Not Paid
1960,amandamouttaki,Amanda,Mouttaki,amandamouttaki@gmail.com,amandamouttaki@gmail.com,United States of America,50768 Caroline St,Eau Claire,WI,54701,Active,1,0,133,0,0,633,633,0,$0,Paypal,Not Paid
2610,lyndseymulherin,Lyndsey,Mulherin,lyndsey.mulherin@gmail.com,,United States of America,37 Bagwell Ave,Raleigh,NC,27607,Active,1,0,5500,0,0,5500,5500,0,$0,Check,Not Paid
1772,davidmumpower,David,Mumpower,mumpower@gmail.com,mumpower@knology.net,United States of America,9222 Adenleigh Way 3210,Knoxville,TN,37922,Active,1,0,3325,0,0,3325,3325,0,$199.5,Check,Not Paid
1948,jnarzary,Jitaditya,Narzary,jitadityaec@gmail.com,jitadityaec@gmail.com,India,"Adchini, Sarvodaya Enclave 25/2",New Delhi,,110016,Active,1,0,1463,0,0,5463,2000,0,$200,Paypal,Not Paid
1270,joynelson,Joy,Nelson,jen2345_24@hotmail.com,,United States of America,508 9th st,Hoquiam,WA,98550,Active,1,0,1500,0,0,21512,10762,0,$661.1,Check,Not Paid
2384,deevranorling,Deevra,Norling,deev67@gmail.com,deev67@gmail.com,South Africa,"56 School Street, Fisherhaven",Hermanus,,7200,Active,1,0,247,0,0,2247,1500,0,$225,Paypal,Not Paid
36,jillenaobrien,Jillena,O'Brien,jillenabean@gmail.com,,United States of America,5716 Fillmore Dr,Pasco,WA,99301,Active,1,0,9000,0,0,10375,2875,0,$157.5,Check,Not Paid
2408,kateomalley,Kate,O'Malley,admin@vagrantsoftheworld.com,komalley@live.com.au,Australia,62 Tennyson St,elwood,,3184,Active,1,0,1000,0,0,1000,500,0,$80,Paypal,Not Paid
2508,rebeccaolsen,Rebecca,Olsen,olsen.becky@gmail.com,olsen.becky@gmail.com,United States of America,414 W. 4620 N.,PROVO,UT,84604,Active,1,0,4287,0,0,5787,500,0,$75,Check,Not Paid
2322,cynthiaord,Cynthia,Ord,cynthia.ord@gmail.com,cynthia.ord@gmail.com,United States of America,3102 S Fillmore St,Denver,CO,80210,Active,1,0,246,0,0,246,246,0,$0,Check,Not Paid
1993,gemmaorrock,Gemma,Orrock,gemma@twoscotsabroad.com,gemma.orrock85@gmail.com,United Kingdom,10 Burnside Gardens,Fife,,KY30DP,Active,1,0,500,0,0,500,500,0,$125,Paypal,Not Paid
2293,carlaortiz,Carla,Ortiz,c.or327@gmail.com,c.or327@gmail.com,United States of America,19499 NE 10th Ave #418,Miami,FL,33179,Active,1,0,1000,0,0,1000,1000,0,$0,Check,Not Paid
2604,vlpascal,Violeta-Loredana,Pascal,violeta.loredana@gmail.com,loredana@prwave.ro,Romania,Caporal Ilina 6,Bucharest,,051973,Active,1,0,761,0,0,3018,3018,0,$0,Paypal,Not Paid
1971,patriciapatton,Patricia,Patton,jzshore@gmail.com,jzshore@gmail.com,United States of America,1110 Asbury Avenue,Asbury Park,NJ,07712,Active,1,0,500,0,0,500,500,0,$150,Check,Not Paid
2468,marissapedersen,Marissa,Pedersen,pedersen.marissa@gmail.com,pedersen.marissa@gmail.com,United States of America,15554 Ashworth Ave N,Shoreline,WA,98133,Active,1,0,6000,0,0,7876,2876,0,$157.56,Check,Not Paid
2606,philipperuzzi,Philip,Peruzzi,phil.peruzzi@gmail.com,,United States of America,1237 Presidio Drive,Weston,FL,33327,Active,1,0,750,0,0,750,750,0,$0,Check,Not Paid
2262,kristinpeters,Kristin,Peters,krisnpeters@gmail.com,,United States of America,556 E Ridge Loop Rd,Romney,WV,26757,Active,1,0,5461,0,0,10036,6536,0,$372.55,Check,Not Paid
2500,camillepoire,Camille,Poire,camille.plb@gmail.com,camille.plb@googlemail.com,France,33 residence Desaix avenue Forbin,Maisons-Laffitte,,78600,Active,1,0,896,0,0,2396,1500,0,$105,Paypal,Not Paid
2050,rpokora,Rebecca,Pokora,rebecca.pokora@gmail.com,,United States of America,2621 Stuart Ave Apt 22,Richmond,VA,23220,Active,1,0,3077,0,0,4577,4577,0,$0,Check,Not Paid
2097,alinapopescu,Alina,Popescu,alina.e.popescu@gmail.com,alina.e.popescu@gmail.com,Romania,"Aleea Profesorilor 5 BL 56 F, sc A, apt 15",Ploiesti,,,Active,1,0,1000,0,0,1000,1000,0,$0,Paypal,Not Paid
1624,matthewpotter,Matthew,Potter,pottermt@outlook.com,,United States of America,2963 Luna Avenue,San Diego,CA,92117,Active,1,0,3804,0,0,3804,966,0,$48.3,Check,Not Paid
1907,margheritaragg,Margherita,Ragg,thecrowdedplanet@gmail.com,margherita.ragg12@bathspa.ac.uk,Italy,Via Valvassori Peroni 78,Milano,,20133,Active,1,0,211,0,0,711,711,0,$0,Paypal,Not Paid
1955,chantaereden,Chantae,Reden,reden@usc.edu,reden@usc.edu,Australia,94 Clement Dr 4,Irvine,CA,92602,Active,1,0,500,0,0,1000,500,0,$75,Paypal,Not Paid
2006,bramreusen,Bram,Reusen,bramreusen@hotmail.com,bramreus@travel-experience-live.com,United States of America,626 Hinton Ave Apartment B,Charlottesville,VA,22902,Active,1,0,3055,0,0,5555,1000,0,$110,Check,Not Paid
2013,bryanrichards,Bryan,Richards,bmrich@gmail.com,,United States of America,7514 Turley Ridge Lane,Charlotte,NC,28273,Active,1,0,1000,0,0,1000,1000,0,$0,Check,Not Paid
1644,joshuarichardson,Joshua,Richardson,passatdreams@hotmail.com,,United States of America,"700 Monterey Way, Apt. G1",Lawrence,KS,66049,Active,1,0,16394,0,0,18394,10840,0,$562,Check,Not Paid
605,erinrivera,Erin,Rivera,Enarivera28@gmail.com,,United States of America,10904 Highview Dr.,Dade City,FL,33525,Active,1,0,1000,0,0,1000,1000,0,$60,Direct Deposit,Not Paid
2379,chelleroberts,Chelle,Roberts,chelle@browngirlsfly.com,iojee@hotmail.com,United States of America,3316 N Central Park Ave Suite 2,Chicago,IL,60618,Active,1,0,247,0,0,747,747,0,$0,Check,Not Paid
1548,shaunrobertson,Shaun,Robertson,shaun@thislifeintrips.com,shaun@thislifeintrips.com,Canada,2781 Guelph,Vancouver,,V5T 3P6,Active,1,0,500,0,0,1500,500,0,$60,Paypal,Not Paid
908,lyndsierobinson,Lyndsie,Robinson,poisonveined@gmail.com,,United States of America,16 Cherokee Ave,Nashua,NH,03062,Active,1,0,8400,0,0,9000,5600,0,$286,Check,Not Paid
1746,emilyrogers,Emily,Rogers,emily.lynn.hope@gmail.com,emily.lynn.hope@gmail.com,United States of America,647 Kenmore Rd. Apt. 2,Amherst,VA,24521,Active,1,0,6000,0,0,6000,6000,0,$0,Paypal,Not Paid
2564,rebekahrogers,Rebekah,Rogers,info@poorexplorer.com,beccalouise-@hotmail.co.uk,United Kingdom,"246 Bradford Street Flat 106, Abacus Building",Birmingham,,B120NZ,Active,1,0,211,0,0,1211,1211,0,$0,Paypal,Not Paid
1004,mandirogier,Mandi,Rogier,amrogier@gmail.com,,United States of America,"124 Shamrock Circle, Apt 26",Pendleton,IN,46064,Active,1,0,48006,0,1852,61314,27810,4,$1643.23,Check,Not Paid
2383,moonroy,Moon,Roy,moonroy.m@gmail.com,roymoon809@gmail.com,India,10/45/3 N.N.ROAD NAGER BAZAR,KOLKATA,,700028,Active,1,0,939,0,0,3439,1000,0,$100,Paypal,Not Paid
2551,ysafutdinova,Yulia,Safutdinova,yulia@misstourist.com,julia.safutdinova@gmail.com,Russia,"Bakinskih komissarov st, 12, apt 12",Yekaterinburg,,620088,Active,1,0,799,0,0,2299,500,0,$105,Paypal,Not Paid
2591,lukesalazar,Luke,Salazar,lukewsalazar@gmail.com,,United States of America,127 Redbird Rd,Summertown,TN,38483,Active,1,0,3000,0,0,3000,3000,0,$0,Check,Not Paid
2179,swatisammie,Swati,Sammie,thetalesofatraveler@gmail.com,thetalesofatraveler@gmail.com,India,"G-107, Gopalan Grandeur, Near Hoodi Circle Mahadevpura, Whitefield Road",Karnataka,,560048,Active,1,0,1000,0,0,1000,500,0,$100,Paypal,Not Paid
1533,kelliesandrik,Kellie,Sandrik,kellies928@gmail.com,sandriks2@yahoo.com,United States of America,114 Ashby Street,Calera,AL,35040,Active,1,0,16698,0,0,21963,6198,0,$309.9,Check,Not Paid
1264,michaelsarko,Michael,Sarko,sarko.michael@gmail.com,sarko.michael@gmail.com,United States of America,"600 Bellevue Avenue, #405",Seattle,WA,98102,Active,1,0,3000,0,0,5277,1000,0,$60,Check,Not Paid
1225,ericschad,Eric,Schad,eric.n.schad@gmail.com,,United States of America,4112 Lebanon Avenue,Belleville,IL,62221,Active,1,0,1500,0,0,62484,41434,0,$2036.7,Check,Not Paid
1719,robertschrader,Robert,Schrader,robert@leaveyourdailyhell.com,robertcschrader@gmail.com,United States of America,1010 E 7th St Unit A,Austin,TX,78702,Active,1,0,2565,0,0,5065,5065,0,$0,Direct Deposit,Not Paid
2023,stephenschreck,Stephen,Schreck,stephen@abackpackerstale.com,myvagabondlife@gmail.com,United States of America,533 Belleview Ave.,Chillicothe,OH,45601,Active,1,0,1141,0,0,1641,1641,0,$0,Paypal,Not Paid
2510,emilyseitz,Emily,Seitz,emilyseitz@mail.usf.edu,,United States of America,4800 S West Shore Blvd Apt 417,Tampa,FL,33611,Active,1,0,500,0,0,500,500,0,$25,Check,Not Paid
2250,scottshetler,Scott,Shetler,scottshetler@gmail.com,scottshetler@gmail.com,United States of America,2905 W. Schubert Ave Apt 1,Chicago,IL,60647,Active,1,0,1500,0,0,1500,1500,0,$0,Check,Not Paid
1355,ashostak,Alexandra,Shostak,alexandrashostak@gmail.com,,United States of America,510 5th Street N Apt 5,Saint Petersburg,FL,33701,Active,1,0,2700,0,0,70844,35592,0,$1805.6,Check,Not Paid
1982,oksanasimakina,Oksana,Simakina,oksana@drinkteatravel.com,oksana@drinkteatravel.com,Canada,3188 Joel Kerbel Place,Mississauga,,L4Y 0A9,Active,1,0,246,0,0,2746,1500,0,$225,Paypal,Not Paid
2243,hayleysimpson,Hayley,Simpson,hayleyasimpson@outlook.com,hayleyasimpson@outlook.com,Australia,2 Carlson Court,Horseshoe Bay,,4819,Active,1,0,500,0,0,500,500,0,$0,Paypal,Not Paid
2247,heathersinclair,Heather,Sinclair,hasincla@gmail.com,h_a_sinclair@hotmail.com,Canada,3676 Upper Branch Road,Upper Branch,,B4V4X4,Active,1,0,5321,0,0,6899,2211,0,$115.95,Paypal,Not Paid
2475,ericasmith,Erica,Smith,erica.smith8854@gmail.com,ericah88@gmail.com,Thailand,"One Plus Condo Klongchol, Chronprathan Rd./Suthep Rd. Unit 606",Chiang Mai,,50200,Active,1,0,2000,0,0,2000,1000,0,$70,Paypal,Not Paid
2143,brodericksmylie,Broderick,Smylie,bsmylie@gmail.com,bsmylie@ackee.net,United States of America,4568 Georgia Street Apt 4,San Diego,CA,92116,Active,1,0,1594,0,0,1594,1594,0,$0,Direct Deposit,Not Paid
2314,nickidastephens,Nickida,Stephens,info@nickisrandommusings.com,info@nickisrandommusings.com,United States of America,4 SHAWNEE CT Apt,Parkville,MD,21234,Active,1,0,3123,0,0,5123,5123,0,$0,Check,Not Paid
2443,valeriestimac,Valerie,Stimac,valisemag@gmail.com,vstimac@gmail.com,United States of America,2911 2nd Ave #1208,Seattle,WA,98121,Active,1,0,500,0,0,500,500,0,$0,Check,Not Paid
1849,illiastrikhar,Illia,Strikhar,crazzzytravel@gmail.com,illya_strikhar@yahoo.com,Ukraine,"Klovskyy uzviz 14b, apt. 45",Kyiv,,01021,Active,1,0,212,0,0,1212,1212,0,$0,Paypal,Not Paid
34,carastromness,Cara,Stromness,cara.stromness@gmail.com,,United States of America,4086 W 5010 S,Kearns,UT,84118,Active,1,0,5395,0,0,9117,7817,3,$424.07,Check,Not Paid
1962,marissasutera,Marissa,Sutera,littlethingstravel@gmail.com,msutera4@gmail.com,United States of America,1611 Pine St. Apt 1,Boulder,CO,80302,Active,1,0,246,0,0,246,246,0,$0,Direct Deposit,Not Paid
2612,katherineswarts,Katherine,Swarts,ks@houstonfreelancewriter.com,,United States of America,10047 Westpark Drive 30,Houston,TX,77042-5917,Active,1,0,1891,0,0,1891,1891,0,$0,Check,Not Paid
416,sszczerbiak,Sarah,Szczerbiak,supportlivemusic@gmail.com,supportlivemusic@gmail.com,Ireland,,,,,Active,1,0,2000,0,0,7500,5500,0,$230,Paypal,Not Paid
2593,stephanietague,Stephanie,Tague,mstyblu1@aol.com,,United States of America,12 Tague Rd,Tunkhannock,PA,18657,Active,1,0,2340,0,0,2340,370,0,$18.5,Check,Not Paid
2299,racheltaliaferro,Rachel,Taliaferro,rachel.taliaferro@gmail.com,,United States of America,441 W 151 St 3A,NEW YORK,NY,10031,Active,1,0,10500,0,0,11250,6750,0,$345,Check,Not Paid
1927,williamtang,William,Tang,psyched@goingawesomeplaces.com,tang.will@gmail.com,Canada,3 Hayes Lane 0260,Toronto,,M2N0E7,Active,1,0,1000,0,0,1000,1000,0,$0,Paypal,Not Paid
100,mattthompson,Matt,Thompson,nowwithemus@gmail.com,,United States of America,1705 Sheridan Ave,Louisville,KY,40213,Active,1,0,1350,0,0,25761,13217,0,$670.85,Check,Not Paid
1477,megantilley,Megan,Tilley,mt11g@my.fsu.edu,mt11g@my.fsu.edu,United States of America,1128 Ocala Rd H6,Tallahassee,FL,32304,Active,1,0,8207,0,0,11207,5765,0,$258.25,Check,Not Paid
2454,brendatolentino,Brenda,Tolentino,brenda@dishourtown.com,brenda@dishourtown.com,United States of America,4 Stuyvesant Oval 5D,New York,NY,10009,Active,1,0,2977,0,0,4977,500,0,$100,Check,Not Paid
2479,ctownsend,Charlotte,Townsend,lottie@shopperlottie.com,lottie@shopperlottie.com,Jersey,2 Belle Vue,St Brelade,,,Active,1,0,246,0,0,1746,500,0,$60,Paypal,Not Paid
1973,angelicatroeder,Angelica,Troeder,theparadiseblogger@gmail.com,theparadiseblogger@gmail.com,United States of America,"342 Eldert Street, Apt. 402",Brooklyn,NY,11237,Active,1,0,2000,0,0,2000,2000,0,$0,Check,Not Paid
2524,victoriaurbanek,Viktoria,Urbanek,viki@chronic-wanderlust.com,viki@chronic-wanderlust.com,Austria,Sonnenstr. 12,Leoben,,8700,Active,1,0,211,0,0,1711,1000,0,$160,Paypal,Not Paid
2531,leahvanderkooy,Leah,van der Kooy,Lvdk40@gmail.com,,United States of America,3309 45th Street West,Bradenton,FL,34209,Active,1,0,2889,0,0,3889,3889,0,$0,Direct Deposit,Not Paid
2518,darlavazquez,Darla,Vazquez,darlamvazquez@gmail.com,,United States of America,12002 Dogwood Mountain Rd,Houston,TX,77066,Active,1,0,5000,0,0,5000,5000,0,$0,Check,Not Paid
2469,liesveldeman,Lies,Veldeman,nonstopdestination@gmail.com,lies.veldeman@gmail.com,Canada,188 Keefer Place 2106,Vancouver,,V6B 0J1,Active,1,0,500,0,0,500,500,0,$125,Paypal,Not Paid
2311,kavyavidyarthi,Kavya,Vidyarthi,kavya.vidyarthi@gmail.com,kavya.vidyarthi@gmail.com,India,"B-943, Sector A, Mahanagar",Lucknow,,,Active,1,0,500,0,0,500,500,0,$50,Paypal,Not Paid
2562,manivillafane,Mani,Villafane,manivillafane@gmail.com,manivillafane@gmail.com,Mexico,B. de Minas 43 B. de la Herradura Huixiquilucan,Mexico City,Mexico,52783,Active,1,0,3071,0,0,3071,3071,0,$0,Paypal,Not Paid
2138,nvongeldern,Natasha,von Geldern,natasha.vongeldern@gmail.com,natasha.vongeldern@googlemail.com,United Kingdom,3 St Johns Well Lane,Berkhamsted,,HP4 1HA,Active,1,0,1000,0,0,1000,1000,0,$0,Paypal,Not Paid
1301,michaelvyskocil,Michael,Vyskocil,vyskocil.michael@gmail.com,,United States of America,4323 Glenville Road,Glen Rock,PA,17327,Active,1,0,1000,0,0,2000,2000,0,$140,Check,Not Paid
2506,leahwalker,Leah,Walker,leah@leahtravels.com,leahbwalker@yahoo.com.,United States of America,110 Sundown Trail,Marble Falls,TX,78654,Active,1,0,500,0,0,500,500,0,$0,Paypal,Not Paid
2374,michaelwalton,Michael,Walton,michaelscottwalton55@gmail.com,,United States of America,99 West 1450 North #120,Provo,UT,84604,Active,1,0,13275,0,0,13275,6325,0,$316.25,Check,Not Paid
2487,karonwarren,Karon,Warren,karon@thisgirltravels.com,,United States of America,954 Clear Creek Valley Drive,Ellijay,GA,30536,Active,1,0,831,0,0,1831,1831,0,$0,Check,Not Paid
2563,deanwickham,Dean,Wickham,dwickham138@gmail.com,dwickham138@gmail.com,Australia,5 Eileen Street,Booval,,,Active,1,0,1500,0,0,1500,1000,0,$70,Paypal,Not Paid
321,sherrywilliams,Sherry,Williams,slw9999@live.com,slw9999@live.com,United States of America,10360 N Donegal Rd,Chesterfield,VA,23832,Active,1,0,500,0,0,3500,3500,0,$185,Check,Not Paid
1461,meghanwilliams,Meghan,Williams,meghan.williams6@gmail.com,,United States of America,"1900 Pelican Landing Boulevard, Apt 1013",Clearwater,FL,33762,Active,1,0,32394,0,429,42273,18244,4,$944.7,Check,Not Paid
2457,tyjuanawilson,Tyjuana,Wilson,tylandtravel@gmail.com,info@tyjuana-wilson.com,United States of America,3908R Freedom Drive,Charlotte,NC,28208,Active,1,0,1000,0,0,1000,1000,0,$0,Check,Not Paid
1697,lisawood,Lisa,Wood,lmwoodie1@gmail.com,,United States of America,345 Rubens Circle,Martinsburg,WV,25403,Active,1,0,1361,0,0,1361,1361,0,$0,Check,Not Paid
2219,laurenyakiwchuk,Lauren,Yakiwchuk,laurenbeth@gmail.com,laurenbeth@gmail.com,Canada,361 Lakeshore Rd. W. Apt. 102,Mississauga,,,Active,1,0,500,0,0,500,500,0,$0,Paypal,Not Paid
61,robyoung,Robert,Young,rob@rdymail.com,,United States of America,561 N 700 W,Provo,UT,84601,Active,1,0,3349,0,0,8349,2000,0,$200,Check,Not Paid
