User Id,User Name,First Name,Last Name,Email,Hire Date,Role,Status
1,admin,Andrew,Pineda,apineda@blueglass.com,0000-00-00,admin,Active
2,leo,Henry,Leo,leo@infinitenine.com,2009-06-24,copy writer,Active
3,testagency,test,agency,administrator@163.com,2009-08-06,agency,Active
4,projectmanager,project,manager,pm@I9cms.com,2006-01-01,project manager,Active
5,editor,editor,jones,andrew@infinitenine.com,2006-01-01,editor,Active
6,writer,writer,jones,rdecanaga@copypress.com,2006-01-01,copy writer,Active
16,jenniferringger,Jennifer,Ringger,jennifer.ringger@gmail.com,2009-11-24,copy writer,Active
17,kristanhart,Kristan,Hart,khart9589@yahoo.com,2009-11-24,copy writer,Active
20,michaelstrong,Michael,Strong,MlleStrong@AOL.com,2009-12-03,copy writer,Active
28,test_acct2,test_writer2,test_writer2,alex@infinitenine.com,2009-12-17,copy writer,Active
30,jessicabyard,Jessica,Byard,arisreoin@gmail.com,2009-12-29,copy writer,Active
34,carastromness,Cara,Stromness,cara.stromness@gmail.com,2009-12-30,copy writer,Active
36,jillenaobrien,Jillena,O'Brien,jillenabean@gmail.com,2009-12-30,editor,Active
38,paulfrankel,Paul,Frankel,paulfrankelphd@yahoo.com,2010-01-04,copy writer,Active
39,kathyeckel,Kathy,Eckel,kathy@thisweekinparkcity.com,2010-01-07,copy writer,Active
46,jessicacolley,Jessica,Colley,jessicaacolley@gmail.com,2010-01-08,copy writer,Active
47,cstromness,Cara,Stromness,cara.stromness@gmail.com,2010-01-11,editor,Active
53,andreabuginsky,Andrea,Buginsky,andreabuginsky@yahoo.com,2010-01-21,copy writer,Active
54,missyshelton,Missy,Belote,zekeandlilysmom@gmail.com,2010-01-21,copy writer,Active
55,heatherburdsal,Heather,Burdsal,hburdsal@gmail.com,2010-01-21,editor,Active
56,kimhill,Kim,Hill,info@karsundesigns.com,2010-01-21,copy writer,Active
58,jobrian,Jillena,O'Brien,jillenabean@gmail.com,2010-01-22,copy writer,Active
59,chrissiepollock,Christine,Pollock,cpollock@copypress.com,2010-01-27,copy writer,Active
61,robertyoung,Robert,Young,rob@rdywriting.com,2010-02-23,copy writer,Active
66,shaylaebsen,Shayla,Ebsen,shayla@freelancingforyou.com,2010-02-25,copy writer,Active
67,jamespatterson,James,Patterson,james.patterson33@gmail.com,2010-02-25,copy writer,Active
69,nathanevans,Nathan,Evans,natesevans@yahoo.com,2010-02-25,copy writer,Active
70,daniellebowser,Danielle,Bowser,mommy.mission@att.net,2010-02-25,copy writer,Active
73,mshelton,Missy,Belote,zekeandlilysmom@gmail.com,2010-02-26,editor,Active
75,pamarts,Pam,Arts,pamelas.arts@gmail.com,2010-03-10,copy writer,Active
76,jpatterson,James,Patterson,james.patterson33@gmail.com,2010-03-12,editor,Active
79,rickbitzelberger,Rick,Bitzelberger,Bitzman@aol.com,2010-03-15,copy writer,Active
84,kristielorette,Kristie,Lorette,kristie@actionmarketingcopy.com,2010-03-18,copy writer,Active
87,khart,Kristan,Hart,khart9589@yahoo.com,2010-03-19,editor,Active
88,ctaylor,Clay,Taylor,claywtaylor@gmail.com,2010-03-19,editor,Active
89,data-entry,data entry,data entry,nancy@infinitenine.com,2010-03-22,project manager,Active
100,mattthompson,Matt,Thompson,nowwithemus@gmail.com,2010-03-29,copy writer,Active
101,chadhagy,Chad,Hagy,chadahagy@yahoo.com,2010-03-30,copy writer,Active
105,jessicamcrooks,Jessica,McCurdy Crooks,jmccurdycrooks@gmail.com,2010-03-31,copy writer,Active
106,johncoon,John,Coon,john_coon@hotmail.com,2010-03-31,copy writer,Active
110,anitayork,Anita,York,ayork@olypen.com,2010-04-06,copy writer,Active
111,kcmorgan,Caissa,Leanhart,kcmemail@lycos.com,2010-04-07,copy writer,Active
113,rajivkarran,Rajiv,Karran,rkarran@blueglass.com,2010-04-21,admin,Active
121,CherieDeSues,Chérie,De Sues,cheriedesues@gmail.com,2010-05-19,copy writer,Active
125,marciepeters,Marcie,Peters,yoga_marcie@yahoo.com,2010-05-19,copy writer,Active
127,michaelcahill,Michael,Cahill,michaelcahill26@gmail.com,2010-05-20,copy writer,Active
129,angierentmeester,Angie,Rentmeester,angie.rentmeester@gmail.com,2010-05-20,copy writer,Active
130,joshseidman,Josh,Seidman,josh0708@yahoo.com,2010-05-20,copy writer,Active
139,martinbroad,Martin,Broad,broadmartin@gmail.com,2010-05-25,copy writer,Active
146,briancombs,Brian,Combs,bjc707@yahoo.com,2010-05-26,copy writer,Active
149,andrewkirmayer,Andrew,Kirmayer,andido@optonline.net,2010-05-27,copy writer,Active
155,jacobschroeder,Jacob,Schroeder,jacobschro@gmail.com,2010-05-28,copy writer,Active
159,christophetroksa,Christophe,Troksa,christophertroksa@illinoisalumni.org,2010-05-28,copy writer,Active
161,alliemuelleck,Allison,Blackham,allie.blackham@gmail.com,2010-05-28,copy writer,Active
163,ullasochman,Urszula,Sochman,ulla.sochman@gmail.com,2010-06-01,copy writer,Active
175,malloryyork,Mallory,York,malsyork@gmail.com,2010-06-03,copy writer,Active
176,chrishodge,Chris,Hodge,geeloeeloee@yahoo.com,2010-06-03,copy writer,Active
178,benvanloon,Benjamin,Van Loon,benvanloon01@gmail.com,2010-06-04,copy writer,Active
180,courtneyyork,Courtney,York,beingcouy@gmail.com,2010-06-07,copy writer,Active
181,heatherflood,Heather,Flood,heatherflood@hotmail.com,2010-06-07,copy writer,Active
187,kathrynconda,Kathryn,Conda,kmconda@gmail.com,2010-06-21,copy writer,Active
196,adamokeefe,Adam,OKeefe,adamokeefe77@gmail.com,2010-06-25,copy writer,Active
201,ellenparker,Ellen,Parker,ellentparker@comcast.net,2010-06-25,copy writer,Active
204,annehartman,Anne,Hartman,ahartman08@gmail.com,2010-06-28,copy writer,Active
205,mollybrandenburg,Molly,Brandenburg,brandenburgmolly@yahoo.com,2010-06-28,copy writer,Active
210,beckybarnhart,Rebecca,Barnhart,rebecca.barnhart@gmail.com,2010-06-29,copy writer,Active
213,brianneese,Brian,Neese,brianneese@yahoo.com,2010-06-29,copy writer,Active
217,alananelson,Alana,Nelson,alana.g.nelson@gmail.com,2010-06-30,copy writer,Active
223,tarahayden,Tara,Hayden,tarahayden@hotmail.com,2010-07-02,copy writer,Active
227,jordankasteler,Jordan,Kasteler,jkasteler@blueglass.com,2010-07-06,admin,Active
230,amandarowan,Amanda,Rowan,pandabr18@hotmail.com,2010-07-07,editor,Active
233,philiprogers,Philip,Rogers,pr0416415@otc.edu,2010-07-13,copy writer,Active
237,sreejithnair,Sreejith Unnikrishnan,Nair,jithoo123@gmail.com,2010-07-14,copy writer,Active
239,nancy,nancy,xu,nancy@infinitenine.com,2010-07-15,copy writer,Active
246,jyotiagarwal,Jyoti,Agarwal,jyoti.banka@gmail.com,2010-07-20,copy writer,Active
247,bobross,Robert,Ross,bobross4460@aol.com,2010-07-20,editor,Active
253,vikramiyer,Vikram,Iyer,vikram@sharservices.in,2010-07-21,copy writer,Active
254,dominiquebrooks,Dominique,Brooks,dswalton@aol.com,2010-07-21,copy writer,Active
260,jamesgunter,James,Gunter,james.c.gunter@gmail.com,2010-07-26,copy writer,Active
266,clarisscaldwell,Clarissa,Caldwell,clarissa.caldwell@gmail.com,2010-07-27,copy writer,Active
272,richardwinter,Richard,Winter,wbpowell85@hotmail.com,2010-07-27,copy writer,Active
274,keckel,Kathy,Eckel,kathy@thisweekinparkcity.com,2010-07-28,editor,Active
279,nancytest,Nancy,Test,nancy@infinitenine.com,2010-07-31,copy writer,Active
280,testcp,test,cp,nancy@infinitenine.com,2010-08-01,copy writer,Active
281,natashamier,Natasha,Mier,natasha.mier@gmail.com,2010-08-02,copy writer,Active
284,ryoung,Robert,Young,rob@rdywriting.com,2010-08-02,editor,Active
293,garygauthier,Gary,Gauthier,md@garygauthier.com,2010-08-03,copy writer,Active
296,wendellhurst,Wendell,Hurst,wrhpiano@gmail.com,2010-08-03,copy writer,Active
298,kevinhenrikson,Kevin,Henrikson,khenrikson@blueglass.com,2010-08-05,project manager,Active
301,saralegge,Sara,Legge,mrs.saralegge@yahoo.com,2010-08-06,copy writer,Active
306,clintlawrence,Clint,Lawrence,fajing75@hotmail.com,2010-08-06,copy writer,Active
307,mattgriffis,John Matthew,Griffis,jmatthewgriffis@gmail.com,2010-08-06,copy writer,Active
309,jringger,Jennifer,Ringger,jennifer.ringger@gmail.com,2010-08-16,editor,Active
315,jessmousseau,Jessica,Mousseau,j.mousseau@hotmail.com,2010-08-16,copy writer,Active
316,bethswords,Beth,Swords,bethandneals@aol.com,2010-08-16,copy writer,Active
321,sherrywilliams,Sherry,Williams,slw9999@live.com,2010-08-16,copy writer,Active
325,sandybaker,Sandy,Baker,contentbysandy@gmail.com,2010-08-17,copy writer,Active
326,saraseeley,Sara,Seeley,tamora15@hotmail.com,2010-08-17,copy writer,Active
333,janisbennett,Janis,Bennett,janis.bennett74@gmail.com,2010-08-17,copy writer,Active
334,jenniferuhl,Jennifer,Uhl,mph.designs@gmail.com,2010-08-17,copy writer,Active
335,lizmagill,Liz,Magill,liz.magill@gmail.com,2010-08-17,copy writer,Active
336,cindyhannikman,Cynthia,Hannikman,angelicbaby1313@gmail.com,2010-08-17,copy writer,Active
339,tanyadavis,Tanya,Davis,tanyap94@msn.com,2010-08-17,copy writer,Active
340,danjackson,Daniel,Jackson,danpjackson@hotmail.com,2010-08-17,copy writer,Active
349,katiblake,Kati,Blake,kati.blake7@gmail.com,2010-08-17,copy writer,Active
352,jenniferallen,Jennifer,Allen,writerjenn1@gmail.com,2010-08-19,copy writer,Active
356,autumnrivers,Autumn,Rivers,autumn.rivers@webflostudios.com,2010-08-19,copy writer,Active
367,jennipotter,Jenni,Potter,jenni.potter@btinternet.com,2010-08-19,copy writer,Active
369,lisagrier,Lisa,Grier,lisagrier61@hotmail.com,2010-08-19,copy writer,Active
370,dianaeid,Diana,Rhodes,diana.eid@gmail.com,2010-08-19,copy writer,Active
373,chandrak,Chandra,Karthikeyan,chandramuthiah@gmail.com,2010-08-19,copy writer,Active
377,nmier,Natasha,Mier,natasha.mier@gmail.com,2010-08-24,editor,Active
378,torydeckerhill,Tory,Decker Hill,grafted13@gmail.com,2010-08-24,copy writer,Active
381,sarahmitchell,Sarah,Mitchell,mitcsj@gmail.com,2010-08-26,copy writer,Active
382,anniecushing,Annie,Cushing,acushing@blueglass.com,2010-08-30,project manager,Active
385,rwhitney,Ryan,Whitney,rwhitney@blueglass.com,2010-09-07,admin,Active
387,dsnyder,Dave,Snyder,dsnyder@blueglass.com,2010-10-01,admin,Active
388,chriswinfield,Chris,Winfield,cwinfield@blueglass.com,2010-10-18,project manager,Active
389,jstein,Justin,Stein,jstein@blueglass.com,0000-00-00,admin,Active
390,DBoy,Do,Boy,theadventuresofdoboy@gmail.com,2010-10-28,copy writer,Active
394,jenniferterry,Jennifer,Terry,jennyterry@centurytel.net,2010-11-02,copy writer,Active
398,mdepietro,MaryAnn,DePietro,depietrowriter@comcast.net,2010-11-02,copy writer,Active
405,chrisbridges,Chris,Bridges,jajaku@mail.com,2010-11-02,copy writer,Active
406,nancytest2,nancy,xu,nancy@infinitenine.com,2010-11-02,admin,Active
407,ericsherman,Eric,Sherman,esherman@copypress.com,2010-11-02,copy writer,Active
408,michelegoudie,Michele,Goudie,michelegoudie@gmail.com,2010-11-02,copy writer,Active
410,nancytest5,nancy,xu,xuxiannuan@163.com,2010-11-02,copy writer,Active
416,sszczerbiak,Sarah,Szczerbiak,supportlivemusic@gmail.com,2010-11-02,copy writer,Active
419,maryharlin,Mary,Harlin,maryharlin@gmail.com,2010-11-02,copy writer,Active
429,katieslavnik,KATIE,SLAVNIK,kslavnik@gmail.com,2010-11-02,copy writer,Active
435,lizbunich,Elizabeth,Bunich,ebunich@gmail.com,2010-11-02,copy writer,Active
439,zkatzstein,Zachary,Katz-Stein,zachary.katzstein@gmail.com,2010-11-02,copy writer,Active
440,annehanstein,Anne,Hanstein,ahans59@comcast.net,2010-11-02,copy writer,Active
441,kmccormick,Kristine,McCormick,kbrite@gmail.com,2010-11-02,copy writer,Active
443,sethburdsal,Seth,Burdsal,sethburdsal@gmail.com,2010-11-02,editor,Active
444,jeanellepineda,Jeanelle,Pineda,jeanellepineda@gmail.com,2010-11-02,editor,Active
446,darrylking,Darryl,King,darryl@ireckon.com,2010-11-10,project manager,Active
461,angelasauber,Angela,Sauber,angela.sauber@comcast.net,2010-11-17,copy writer,Active
476,amberradosevich,Amber,Radosevich,amber_radosevich@yahoo.com,2010-11-18,copy writer,Active
479,brandirowland,Brandi,Rowland,brandiwine0528@yahoo.com,2010-11-18,copy writer,Active
482,katkauffman,Kat,Rags,writing4rsr@yahoo.com,2010-11-19,copy writer,Active
489,trystanpopish,Trystan,Popish,trystanpopish@yahoo.com,2010-11-19,copy writer,Active
495,katherinefurst,Katherine,Furst,furst.kate@gmail.com,2010-11-19,copy writer,Active
497,nickiporter,Nicki,Porter,nicki.m.porter@gmail.com,2010-11-19,copy writer,Active
506,leoniewashington,Leonie,Washington,leewashington13@gmail.com,2010-11-22,copy writer,Active
507,jackiemasloff,Jacqueline,Masloff,jackiejom@comcast.net,2010-11-22,copy writer,Active
523,pierreroustan,Pierre,Roustan,roustan@hotmail.com,2010-11-22,copy writer,Active
527,maureenscully,Maureen,Scully,mikscully@yahoo.com,2010-11-22,copy writer,Active
531,kimmiannewebster,Kimmianne,Webster,kimmianne@gmail.com,2010-11-22,copy writer,Active
539,erinsteeley,Erin,Steeley,possumpoet@gmail.com,2010-11-23,copy writer,Active
541,leestrickler,Lee,Strickler,leestrickler@gmail.com,2010-11-23,copy writer,Active
544,jennmcknight,Jennifer,McKnight,jmd.mcknight@gmail.com,2010-11-23,copy writer,Active
549,tabithaakery,Tabitha,Akery,sierras236@yahoo.com,2010-11-23,copy writer,Active
551,charityhoward,Charity,Howard,charityrbhoward@hotmail.com,2010-11-23,copy writer,Active
557,gregruel,Greg,Ruel,gregruel@gmail.com,2010-11-23,copy writer,Active
564,sarierobertson,Sarie,Robertson,rsarie65@gmail.com,2010-11-24,copy writer,Active
565,sandymccollum,Sandy,McCollum,skbmccollum@gmail.com,2010-11-24,copy writer,Active
566,theresawinslow,Theresa,Winslow,weezie21_2001@yahoo.com,2010-11-24,copy writer,Active
568,aliciadathe,Alicia,Dathe,aliciadathe@yahoo.com,2010-11-24,copy writer,Active
584,frankyoung,Frank,Young,eubiecat@gmail.com,2010-11-26,copy writer,Active
590,timrowe,Tim,Rowe,rowe@fredonia.edu,2010-11-26,copy writer,Active
592,juliesullivan,Julie,Sullivan,jewels644@yahoo.com,2010-11-26,copy writer,Active
593,joylynskey,Joy,Lynskey,jrlsolutionsbiz@gmail.com,2010-11-26,copy writer,Active
597,cassandrafenyk,Cassandra,Fenyk,cjelance@yahoo.com,2010-11-27,copy writer,Active
602,shirainconlin,shirain,conlin,shirainhylton@hotmail.com,2010-11-29,copy writer,Active
605,erinrivera,Erin,Rivera,Enarivera28@gmail.com,2010-11-29,copy writer,Active
607,heididevries,Heidi,DeVries,hdevries@gmail.com,2010-11-29,copy writer,Active
609,natashalee,Natasha,Stiller,nlee119@cfl.rr.com,2010-11-29,copy writer,Active
611,sharonhendricks,Sharon,Hendricks,professional.writing.by.sharon@gmail.com,2010-11-29,copy writer,Active
612,richhazeltine,Richard,Hazeltine,rhazeltine@gmail.com,2010-11-29,copy writer,Active
619,kishamckinney,Kisha,McKinney,Kisha@AvantGuild.com,2010-11-30,copy writer,Active
623,christyclaxton,Christy,Claxton,christy@christyclaxton.com,2010-11-30,copy writer,Active
625,mikegordon,Michael S.,Gordon,gordwoody@carolina.rr.com,2010-11-30,copy writer,Active
632,marypage,Mary,Page,theano7203@gmail.com,2010-11-30,copy writer,Active
633,kathleeneccles,Kathleen,Eccles,leena@rdywriting.com,2010-12-01,copy writer,Active
634,traceysonntag,Tracey,Sonntag,tjsonntag@gmail.com,2010-12-01,copy writer,Active
637,shawnadodge,Shawna,Dodge,lsd4118@yahoo.com,2010-12-01,copy writer,Active
638,melissaweaver,Melissa,Weaver,MelissaR247@aol.com,2010-12-01,copy writer,Active
643,markschieber,Mark,Schieber,markschieber@gmail.com,2010-12-01,copy writer,Active
645,elissabassini,Elissa,Bassini,elissa.bassini@gmail.com,2010-12-02,copy writer,Active
657,lesliecheromiah,Leslie,Cheromiah,leslie.cheromiah@gmail.com,2010-12-06,copy writer,Active
658,kristeenmoore,Kristeen,Moore,kristeen.writes@gmail.com,2010-12-06,copy writer,Active
664,lisagove,Lisa,Gove,lgwork70@gmail.com,2010-12-07,copy writer,Active
666,kathrynjones,Kathryn,Jones,kathy@ariverofstones.com,2010-12-07,copy writer,Active
672,andymaheshwari,Anurag,Maheshwari,andymahe@gmail.com,2010-12-09,copy writer,Active
677,danalips,Dana,Lips,living2write@comcast.net,2010-12-10,copy writer,Active
680,valerietandoi,Valerie,Tandoi,valerietandoi84@yahoo.com,2010-12-13,copy writer,Active
686,michellegrewe,Michelle,Grewe,michelle@fortbabybrat.com,2010-12-14,copy writer,Active
696,markharris,Mark,Harris,markjayharris@yahoo.com,2010-12-15,copy writer,Active
699,chitrabadii,Chitra,Badii,cbadii@aol.com,2010-12-16,copy writer,Active
711,williamcaraher,William,Caraher,bcaraher@gmail.com,2010-12-21,copy writer,Active
715,tamaracain,Tamara,Cain,tlb64@juno.com,2010-12-22,copy writer,Active
725,davidblair,David,Blair,davidblair85@aol.com,2010-12-27,copy writer,Active
732,katechabarek,Kate,Chabarek,kate.chabarek@gmail.com,2010-12-29,copy writer,Active
743,melanieferguson,Melanie,Ferguson,melanie.ferguson@yahoo.com,2011-01-03,copy writer,Active
744,barbarafisher,Barbara,Fisher,barb@azwordsmiths.com,2011-01-03,copy writer,Active
748,mikejohn,Mike,John,mjohn@copypress.com,2011-01-04,copy writer,Active
752,christinajones,Christina,Jones,cjones@blueglass.com,2011-01-04,admin,Active
754,caitlincraft,Caitlin,Craft,ccraft@blueglass.com,2011-01-04,admin,Active
760,darlenedaniel,Darlene,Daniel,darlenedaniel@centurylink.net,2011-01-05,copy writer,Active
772,kzipp,Kyle,Zipp,kzipp@blueglass.com,2011-01-10,admin,Active
779,joannagalbraith,Joanna,Galbraith,j.f.galbraith@gmail.com,2011-01-11,editor,Active
785,shannonboone,Shannon,Boone,sboone1119@yahoo.com,2011-01-12,copy writer,Active
795,thomasstowe,Thomas,Stowe,stowe.thomas@gmail.com,2011-01-14,copy writer,Active
798,kristendathe,Kristen,Dathe,kristen_326@yahoo.com,2011-01-18,copy writer,Active
800,georgeroot,George,Root,georgeroot@verizon.net,2011-01-18,copy writer,Active
809,justincupler,Justin,Cupler,cuplerwrites@hotmail.com,2011-01-20,copy writer,Active
810,artaguirre,Arturo,Aguirre,art.aguirre1@gmail.com,2011-01-20,copy writer,Active
814,paavanigarg,Paavani,Garg,paavani_hep@hotmail.com,2011-01-24,copy writer,Active
817,ameliahill,Amelia,Hill,amyhill0@gmail.com,2011-01-25,copy writer,Active
818,kyledowden,Kyle,Dowden,kdowden@sbcglobal.net,2011-01-25,copy writer,Active
826,christywilson,Christy,Wilson,number9christywilson@hotmail.com,2011-01-27,copy writer,Active
827,tamelapeoples,Tamela,Peoples,tamela_46222@yahoo.com,2011-01-27,copy writer,Active
828,lecagood,Leca,Good,pjscrapper@hotmail.com,2011-01-27,copy writer,Active
831,farryllast,Farryl,Last,farryl.last@gmail.com,2011-01-28,copy writer,Active
833,millielapidario,Millie,Lapidario,millielap@gmail.com,2011-02-01,copy writer,Active
834,nitamunoz,Nita,Munoz,nidasea@live.com,2011-02-01,copy writer,Active
836,writertest,Jan,Ippen,jan.ippen@ippen-digital.de,2011-02-01,copy writer,Active
838,djnelson,DJ,Nelson,djnelson@donyellnelson.com,2011-02-02,copy writer,Active
839,charitywhite,Charity,White,charityawhite@gmail.com,2011-02-02,copy writer,Active
842,toniaslimm,Tonia,Slimm,paul.toniaslimm@sbcglobal.net,2011-02-03,copy writer,Active
844,naimahmahmoud,naimah,mahmoud,nmhmhmd@gmail.com,2011-02-04,copy writer,Active
848,shannonoconnor,Shannon,O'Connor,shannon_oconnor@ymail.com,2011-02-11,copy writer,Active
851,belindaleskiw,Belinda,Leskiw,belinda@theeditingroom.com.au,2011-02-16,editor,Active
853,lawrencehebb,Lawrence,Hebb,lfhebb02@xtra.co.nz,2011-02-18,copy writer,Active
856,rkarran,Rajiv,Karran,rkarran@blueglass.com,2011-02-24,copy writer,Active
859,swilliams,Sherry,Williams,slw9999@live.com,2011-02-25,editor,Active
862,beckilibick,Becki,Libick,gardenfancies@hotmail.com,2011-03-04,copy writer,Active
866,courtneybishop,Courtney,Bishop,your.move.bishop@gmail.com,2011-03-14,copy writer,Active
867,jedouard,Josette,Edouard,jedouard@copypress.com,2011-03-15,admin,Active
869,mstrong,Michael,Strong,mstrong@blueglass.com,2011-03-25,admin,Active
870,swinkler,Stefan,Winkler,swinkler@blueglass.com,2011-03-30,admin,Active
871,CPaustralia,Darry,King,darryl@irekon.com,2011-05-06,agency,Active
872,BGAgency,BlueGlass,Agency,apineda@blueglass.com,2011-05-06,agency,Active
873,dking,Darryl,King,darryl@ireckon.com,2011-05-18,project manager,Active
874,janeseedhouse,Jane,Seedhouse,jseedhouse@blueglass.com,2011-05-19,admin,Active
875,nataliebetts,Natalie,Betts,nat.p.betts@gmail.com,2011-05-24,editor,Active
876,briansmith,Brian,Smith,taswegan@gmail.com,2011-06-03,copy writer,Active
877,catmcdonald,Catherine,McDonald,catmcrin@gmail.com,2011-06-10,copy writer,Active
878,cmcdonald,Catherine,McDonald,catmcrin@gmail.com,2011-06-10,editor,Active
879,carolethuesen,Carole,Thuesen,CaroleSThuesen@gmail.com,2011-06-16,editor,Active
880,olivierlacan,Olivier,Lacan,oli@clevercode.net,2011-06-21,admin,Active
881,jamesfleming,James,Fleming,james@jameshfleming.com,2011-06-23,copy writer,Active
882,QualityControl,Carole,Thuesen,carolesthuesen@gmail.com,2011-07-05,admin,Active
883,ericthuesen,Eric,Thuesen,bigtallturtle@yahoo.com,2011-07-08,editor,Active
886,testadmin,Test,Admin,rwhitney@copypress.com,2011-07-21,admin,Active
888,charmcglinchey,Charley,McGlinchey,charley_mcg@hotmail.com,2011-08-04,editor,Active
890,jamesjunior,James,Nesbitt,jamesajunior@gmail.com,2011-08-11,copy writer,Active
891,monicaliriano,Monica,Liriano,mliriano@copypress.com,2011-08-15,admin,Active
893,michibeck,Michielle,Beck,authormichibeck@gmail.com,2011-08-17,copy writer,Active
894,cmcglinchey,Charley,McGlinchey,charley_mcg@hotmail.com,2011-08-18,copy writer,Active
895,melaniebrooks,Melanie,Brooks,melabrooks@gmail.com,2011-08-22,copy writer,Active
896,sburdsal,Seth,Burdsal,sethburdsal@gmail.com,2011-08-22,copy writer,Active
897,scottmartin,Scott,Martin,scott@scottmartinwriting.com,2011-08-22,copy writer,Active
898,jamaljackson,Jamal,Jackson,me@5alarmint.com,2011-08-23,copy writer,Active
899,meganhill,Megan,Hill,mahill23@gmail.com,2011-08-24,copy writer,Active
900,kristinmarquet,Kristin,Marquet,kkmarquet23@yahoo.com,2011-09-06,copy writer,Active
901,katiewhite,Kathleen,White,katienorawhite@gmail.com,2011-09-06,copy writer,Active
902,frankiecalcana,Frankie,Calcana,francis.calcana@huamarketing.com,2011-09-06,editor,Active
903,sierragreenman,Sierra,Greenman,oceandreams4sierra@gmail.com,2011-09-06,copy writer,Active
904,robertoblake,Roberto,Blake,rblake@robertoblake.com,2011-09-07,copy writer,Active
905,raubiperilli,Raubi,Perilli,rperilli@copypress.com,2011-09-07,admin,Active
906,rosalie,Rosalie,Rosalie,rdecanaga@copypress.com,2011-09-08,admin,Active
907,jasonkarpf,Jason,Karpf,jason@jasonkarpf.com,2011-09-09,copy writer,Active
908,lyndsierobinson,Lyndsie,Robinson,poisonveined@gmail.com,2011-09-09,copy writer,Active
909,rperilli,Raubi,Perilli,rmp@raubimarie.com,2011-09-12,copy writer,Active
910,robcleaver,Robert,Cleaver,rcleaver@copypress.com,2011-09-13,admin,Active
911,joannechu,Joanne,Chu,joannechu@ymail.com,2011-09-13,copy writer,Active
912,brittanyreiher,Brittany,Reiher,breiher1201@yahoo.com,2011-09-14,copy writer,Active
914,michaelsanchez,Michael,Sanchez,michael.sanchez@huamarketing.com,2011-09-19,editor,Active
916,beacanuel,Bea,Canuel,bea.canuel@huamarketing.com,2011-10-03,editor,Active
917,joaniewang,Joanie,Wang,joanie.wang@alumni.tufts.edu,2011-10-05,copy writer,Active
918,elisemoreau,Elise,Moreau,elisesreview@gmail.com,2011-10-06,copy writer,Active
919,amandabrandon,Amanda,Brandon,amanda@amandabrandon.com,2011-10-07,copy writer,Active
920,michellezehr,Michelle,Zehr,michelle_z85@hotmail.com,2011-10-12,copy writer,Active
921,josephthomas,Joseph,Thomas,joseph.s.thomas@gmail.com,2011-10-12,copy writer,Active
922,noellefalcis,Noelle,Falcis,falcisn@uci.edu,2011-10-17,copy writer,Active
923,astringfellow,Angela,Stringfellow,arstringfellow@gmail.com,2011-10-18,copy writer,Active
924,sunkim,Sun,Kim,sun.kim.19@gmail.com,2011-10-20,copy writer,Active
925,jdiconsiglio,John,DiConsiglio,john.diconsiglio@verizon.net,2011-10-21,copy writer,Active
926,belleedford,Cecil &quot;Belle&quot;,Edford,louevilbelle@gmail.com,2011-10-25,copy writer,Active
927,francismansueto,Francis,Mansueto,francis.mansueto@huamarketing.com,2011-11-03,editor,Active
